地點,停車狀況,時間,日期,星期幾,天氣,當下溫度,人流量,商品品項,貨架上庫存量,原價,折扣(off),剩餘保存期限,商品大類,
大全聯 中壢店,多,19:00-20:00,2025-03-26,星期三,晴天,24,一般,雞三節翅,6,120,20,1,肉類,
大全聯 中壢店,多,19:00-20:01,2025-03-26,星期三,晴天,24,一般,里肌火鍋片,6,216,36,1,肉類,
大全聯 中壢店,多,19:00-20:02,2025-03-26,星期三,晴天,24,一般,豬白肉火鍋片,6,166,20,1,肉類,
大全聯 中壢店,多,19:00-20:03,2025-03-26,星期三,晴天,24,一般,雪花火鍋肉片,8,207,20,1,肉類,
大全聯 中壢店,多,19:00-20:04,2025-03-26,星期三,晴天,24,一般,翼板牛排,4,230,20,1,肉類,
大全聯 中壢店,多,19:00-20:05,2025-03-26,星期三,晴天,24,一般,澳洲羊梅花火鍋片,6,251,20,2,肉類,
大全聯 中壢店,多,19:00-20:06,2025-03-26,星期三,晴天,24,一般,澳洲小羊肩排,9,269,36,1,肉類,
大全聯 中壢店,多,19:00-20:07,2025-03-26,星期三,晴天,24,一般,嚴選鮭魚切片,5,519,30,1,魚類,
大全聯 中壢店,多,19:00-20:08,2025-03-26,星期三,晴天,24,一般,楓糖菠蘿麵包,5,42,20,2,麵包甜點類,
大全聯 中壢店,多,19:00-20:09,2025-03-26,星期三,晴天,24,一般,溫室小白菜,3,38,48,0,蔬果類,
大全聯 中壢店,多,19:00-20:10,2025-03-26,星期三,晴天,24,一般,台灣香蕉,15,114,57,0,其他,
大全聯 中壢店,多,19:00-20:10,2025-03-26,星期三,晴天,24,一般,日本青森富士蜜蘋果,1,177,50,0,蔬果類,
大全聯 中壢店,多,15:27:00,2025-03-29,星期六,陰天,14,一般,鮭魚,2,71,10,0,魚類,
大全聯 中壢店,多,15:27:00,2025-03-29,星期六,陰天,14,一般,豬梅花肉片,2,174,10,0,肉類,
大全聯 中壢店,多,15:27:00,2025-03-29,星期六,陰天,14,一般,雪花牛肉,4,197,20,1,肉類,
大全聯 中壢店,多,19:25-19:50,2025-04-01,星期二,陰天,14,少,雞清胸肉,2,153,20,1,肉類,
大全聯 中壢店,多,19:25-19:50,2025-04-01,星期二,陰天,14,少,里肌火鍋片,6,192,20,1,肉類,
大全聯 中壢店,多,19:25-19:50,2025-04-01,星期二,陰天,14,少,豬白肉火鍋片,9,185,20,1,肉類,
大全聯 中壢店,多,19:25-19:50,2025-04-01,星期二,陰天,14,少,雪花火鍋肉片,17,284,36,0,肉類,
大全聯 中壢店,多,19:25-19:50,2025-04-01,星期二,陰天,14,少,翼板牛排,2,374,20,1,肉類,
大全聯 中壢店,多,19:25-19:50,2025-04-01,星期二,陰天,14,少,澳洲羊梅花火鍋片,10,347,20,2,肉類,
大全聯 中壢店,多,19:25-19:50,2025-04-01,星期二,陰天,14,少,澳洲小羊肩排,2,291,20,2,肉類,
大全聯 中壢店,多,19:25-19:50,2025-04-01,星期二,陰天,14,少,嚴選鮭魚切片,2,458,30,1,魚類,
大全聯 中壢店,多,19:25-19:50,2025-04-01,星期二,陰天,14,少,台灣白玉蘿蔔,5,64,50,0,其他,
大全聯 中壢店,多,19:25-19:50,2025-04-01,星期二,陰天,14,少,葡式蛋塔,8,100,21,0,麵包甜點類,
大全聯 中壢店,多,19:25-19:50,2025-04-01,星期二,陰天,14,少,英式鬆餅Scone,9,84,34,2,麵包甜點類,
大全聯 中壢店,多,19:25-19:50,2025-04-01,星期二,陰天,14,少,生吐司,2,99,20,1,麵包甜點類,
大全聯 中壢店,多,18:55-19:10,2025-04-02,星期三,晴天,19,多,雞清胸肉,2,166,20,1,肉類,
大全聯 中壢店,多,18:55-19:10,2025-04-02,星期三,晴天,19,多,雞三節翅,8,211,20,1,肉類,
大全聯 中壢店,多,18:55-19:10,2025-04-02,星期三,晴天,19,多,里肌火鍋片,2,206,20,1,肉類,
大全聯 中壢店,多,18:55-19:10,2025-04-02,星期三,晴天,19,多,豬白肉火鍋片,3,172,20,1,肉類,
大全聯 中壢店,多,18:55-19:10,2025-04-02,星期三,晴天,19,多,安格斯無骨燒烤肉片,8,250,20,1,肉類,
大全聯 中壢店,多,18:55-19:10,2025-04-02,星期三,晴天,19,多,澳洲羊梅花火鍋片,15,325,36,1,肉類,
大全聯 中壢店,多,18:55-19:10,2025-04-02,星期三,晴天,19,多,刻花魷魚,3,99,30,1,魚類,
大全聯 中壢店,多,18:55-19:10,2025-04-02,星期三,晴天,19,多,台灣香蕉,1,169,54,0,其他,
大全聯 中壢店,多,14:29:00,2025-07-19,星期六,晴天,32,多,鮭魚丁,1,164,20,0,魚類,
大全聯 中壢店,多,14:29:00,2025-07-19,星期六,晴天,32,多,豆腸,3,104,30,0,蔬果類,
大全聯 中壢店,多,14:29:00,2025-07-19,星期六,晴天,32,多,蘭花乾,2,54,30,0,其他,
大全聯 中壢店,多,14:29:00,2025-07-19,星期六,晴天,32,多,三角油豆腐,1,43,10,0,蔬果類,
大全聯 中壢店,多,14:29:00,2025-07-19,星期六,晴天,32,多,鮭魚骨,1,71,10,0,魚類,
大全聯 中壢店,多,14:29:00,2025-07-19,星期六,晴天,32,多,湯用魚肉,2,133,20,1,肉類,
大全聯 中壢店,多,14:29:00,2025-07-19,星期六,晴天,32,多,火鍋魚片,1,58,10,1,魚類,
大全聯 中壢店,多,17:40:00,2025-04-23,星期三,晴天,30,一般,牛排,8,292,20,1,肉類,
大全聯 中壢店,多,17:40:00,2025-04-23,星期三,晴天,30,一般,CAB冷藏雪花火鍋,13,252,20,1,其他,
大全聯 中壢店,多,17:40:00,2025-04-23,星期三,晴天,30,一般,澳洲冷藏牛肉,7,370,20,1,肉類,
大全聯 中壢店,多,19:19:00,2025-09-23,星期二,雨天,29,少,挪威鮭魚切片(大),2,296,20,1,魚類,
大全聯 中壢店,多,19:19:00,2025-09-23,星期二,雨天,29,少,台灣高山高麗菜,6,49,60,0,蔬果類,
大全聯 中壢店,多,19:19:00,2025-09-23,星期二,雨天,29,少,澳洲冷藏小羊肩排,7,269,20,2,肉類,
大全聯 中壢店,多,19:19:00,2025-09-23,星期二,雨天,29,少,澳洲牛肩里肌牛排,4,192,20,1,肉類,
大全聯 中壢店,多,19:19:00,2025-09-23,星期二,雨天,29,少,安格斯牛小排燒烤片,6,404,20,1,肉類,
大全聯 中壢店,多,19:19:00,2025-09-23,星期二,雨天,29,少,美國無骨牛小排火鍋片,3,252,20,1,肉類,
大全聯 中壢店,多,19:19:00,2025-09-23,星期二,雨天,29,少,冷藏豬小排切塊,13,266,20,1,肉類,
大全聯 中壢店,多,19:19:00,2025-09-23,星期二,雨天,29,少,葡式蛋塔,11,95,20,0,麵包甜點類,
大全聯 中壢店,多,19:19:00,2025-09-23,星期二,雨天,29,少,白吐司,8,72,20,1,麵包甜點類,
大全聯 中壢店,多,19:19:00,2025-09-23,星期二,雨天,29,少,酥烤培根麵包,11,38,20,2,麵包甜點類,
大全聯 中壢店,多,19:19:00,2025-09-23,星期二,雨天,29,少,豬梅花火鍋/薄切肉片,5,217,20,1,肉類,
大全聯 中壢店,多,19:19:00,2025-09-23,星期二,雨天,29,少,冷藏豬里肌火鍋片,4,169,20,1,肉類,
大全聯 中壢店,多,19:24:00,2025-09-24,星期三,晴天,30,多,刻花魷魚,2,92,20,1,魚類,
大全聯 中壢店,多,19:24:00,2025-09-24,星期三,晴天,30,多,魚皮,3,110,44,0,魚類,
大全聯 中壢店,多,19:24:00,2025-09-24,星期三,晴天,30,多,海帶絲,3,45,20,1,其他,
大全聯 中壢店,多,19:24:00,2025-09-24,星期三,晴天,30,多,澳洲冷藏羊梅花火鍋片,8,255,20,2,肉類,
大全聯 中壢店,多,19:24:00,2025-09-24,星期三,晴天,30,多,冷藏雞三節翅/大包裝,5,238,20,1,肉類,
大全聯 中壢店,多,19:24:00,2025-09-24,星期三,晴天,30,多,冷藏肉國產冷藏雞棒腿,3,93,20,1,肉類,
大全聯 中壢店,多,19:24:00,2025-09-24,星期三,晴天,30,多,美國冷藏肋眼牛排,4,294,28,1,肉類,
大全聯 中壢店,多,19:24:00,2025-09-24,星期三,晴天,30,多,美國翼板霜降牛排,2,170,20,1,肉類,
大全聯 中壢店,多,19:24:00,2025-09-24,星期三,晴天,30,多,安格斯牛小排火鍋片,6,361,20,1,肉類,
大全聯 中壢店,多,19:24:00,2025-09-24,星期三,晴天,30,多,冷藏品-本草豬尾冬骨,4,138,20,1,肉類,
大全聯 中壢店,多,19:24:00,2025-09-24,星期三,晴天,30,多,豬梅花火鍋/薄切肉片,2,203,20,1,肉類,
大全聯 中壢店,多,19:24:00,2025-09-24,星期三,晴天,30,多,豬五花火鍋/薄切肉片,5,91,20,1,肉類,
大全聯 中壢店,多,19:24:00,2025-09-24,星期三,晴天,30,多,葡式蛋塔,9,95,20,0,麵包甜點類,
大全聯 中壢店,多,19:24:00,2025-09-24,星期三,晴天,30,多,菠蘿可頌,6,39,30,0,麵包甜點類,
大全聯 中壢店,多,19:24:00,2025-09-24,星期三,晴天,30,多,柏林甜甜圈(檸檬),4,33,20,2,麵包甜點類,
大全聯 中壢店,多,19:39:00,2025-09-25,星期四,晴天,30,一般,冷藏鮭魚輪切,9,126,10,1,魚類,
大全聯 中壢店,多,19:39:00,2025-09-25,星期四,晴天,30,一般,刻花魷魚,4,89,20,1,魚類,
大全聯 中壢店,多,19:39:00,2025-09-25,星期四,晴天,30,一般,雪螺,3,77,44,0,其他,
大全聯 中壢店,多,19:39:00,2025-09-25,星期四,晴天,30,一般,海帶絲,3,30,44,0,其他,
大全聯 中壢店,多,19:39:00,2025-09-25,星期四,晴天,30,一般,澳洲冷藏羊梅花火鍋片,5,248,36,1,肉類,
大全聯 中壢店,多,19:39:00,2025-09-25,星期四,晴天,30,一般,冷藏雞里肌肉/大包裝,12,258,20,1,肉類,
大全聯 中壢店,多,19:39:00,2025-09-25,星期四,晴天,30,一般,冷藏雞三節翅/大包裝,14,236,20,1,肉類,
大全聯 中壢店,多,19:39:00,2025-09-25,星期四,晴天,30,一般,冷藏肉國產冷藏雞棒腿,4,93,20,1,肉類,
大全聯 中壢店,多,19:39:00,2025-09-25,星期四,晴天,30,一般,美國冷藏沙朗心牛排,7,207,20,1,肉類,
大全聯 中壢店,多,19:39:00,2025-09-25,星期四,晴天,30,一般,安格斯牛小排燒烤片,11,35,20,1,肉類,
大全聯 中壢店,多,19:39:00,2025-09-25,星期四,晴天,30,一般,安格斯牛小排火鍋片,5,396,20,1,肉類,
大全聯 中壢店,多,19:39:00,2025-09-25,星期四,晴天,30,一般,冷藏豬肋小排切塊,4,203,20,1,肉類,
大全聯 中壢店,多,19:39:00,2025-09-25,星期四,晴天,30,一般,冷藏肉-豬大骨,6,80,48.8,0,肉類,
大全聯 中壢店,多,19:39:00,2025-09-25,星期四,晴天,30,一般,冷藏本草豬五花烤肉片,8,305,20,1,肉類,
大全聯 中壢店,多,19:39:00,2025-09-25,星期四,晴天,30,一般,冷藏本草豬里肌火鍋片,7,307,20,1,肉類,
大全聯 中壢店,多,19:39:00,2025-09-25,星期四,晴天,30,一般,豬里肌火鍋/薄切肉片,6,86,20,1,肉類,
大全聯 中壢店,多,19:39:00,2025-09-25,星期四,晴天,30,一般,冷藏肉-豬五花肉條,2,264,20,1,肉類,
大全聯 中壢店,多,19:39:00,2025-09-25,星期四,晴天,30,一般,葡式蛋塔,10,95,20,0,麵包甜點類,
大全聯 中壢店,多,19:39:00,2025-09-25,星期四,晴天,30,一般,古早味蛋糕,2,89,36,0,麵包甜點類,
大全聯 中壢店,多,19:39:00,2025-09-25,星期四,晴天,30,一般,香鬆蔥花蛋糕,5,88,36,0,蔬果類,
大全聯 中壢店,多,19:39:00,2025-09-25,星期四,晴天,30,一般,小米甜甜圈,3,24,20,2,麵包甜點類,
大全聯 中壢店,多,19:39:00,2025-09-25,星期四,晴天,30,一般,麥香吐司,3,78,36,0,麵包甜點類,
大全聯 中壢店,多,20:02-20:15,2025-09-27,星期六,晴天,28,一般,冷藏鮭魚切倫,7,149,10,1,魚類,
大全聯 中壢店,多,20:02-20:15,2025-09-27,星期六,晴天,28,一般,雪螺,3,85,20,1,其他,
大全聯 中壢店,多,20:02-20:15,2025-09-27,星期六,晴天,28,一般,海帶絲,4,34,20,1,其他,
大全聯 中壢店,多,20:02-20:15,2025-09-27,星期六,晴天,28,一般,羊梅花火鍋片,3,238,36,1,肉類,
大全聯 中壢店,多,20:02-20:15,2025-09-27,星期六,晴天,28,一般,雞腿排肉切片,9,85,20,1,肉類,
大全聯 中壢店,多,20:02-20:15,2025-09-27,星期六,晴天,28,一般,冷藏雞三節翅,8,198,20,1,肉類,
大全聯 中壢店,多,20:02-20:15,2025-09-27,星期六,晴天,28,一般,牛嫩里肌肉塊,2,228,20,1,肉類,
大全聯 中壢店,多,20:02-20:15,2025-09-27,星期六,晴天,28,一般,美國牛胸腹雪花火鍋片,3,196,20,1,肉類,
大全聯 中壢店,多,20:02-20:15,2025-09-27,星期六,晴天,28,一般,草本豬特選里肌肉,3,394,20,1,肉類,
大全聯 中壢店,多,20:02-20:15,2025-09-27,星期六,晴天,28,一般,草本豬龍骨,6,167,20,1,肉類,
大全聯 中壢店,多,20:02-20:15,2025-09-27,星期六,晴天,28,一般,豬五花肉條,5,242,20,1,肉類,
大全聯 中壢店,多,20:02-20:15,2025-09-27,星期六,晴天,28,一般,可可丹麥,6,39,30,0,其他,
大全聯 中壢店,多,20:02-20:15,2025-09-27,星期六,晴天,28,一般,螺旋酥捲,8,39,30,0,其他,
大全聯 中壢店,多,20:02-20:15,2025-09-27,星期六,晴天,28,一般,草莓巧克力可頌,7,43,30,0,麵包甜點類,
大全聯 中壢店,多,19:10-19:23,2025-09-28,星期日,晴天,26,一般,海帶絲,1,41,43,0,其他,
大全聯 中壢店,多,19:10-19:23,2025-09-28,星期日,晴天,26,一般,羊梅花火鍋片,6,296,20,2,肉類,
大全聯 中壢店,多,19:10-19:23,2025-09-28,星期日,晴天,26,一般,牛梅花火鍋片,5,131,20,1,肉類,
大全聯 中壢店,多,19:10-19:23,2025-09-28,星期日,晴天,26,一般,牛嫩煎里肌肉塊,3,278,20,1,肉類,
大全聯 中壢店,多,19:10-19:23,2025-09-28,星期日,晴天,26,一般,雞胸肉去皮,3,82,20,1,肉類,
大全聯 中壢店,多,19:10-19:23,2025-09-28,星期日,晴天,26,一般,草本豬龍骨,5,147,20,1,肉類,
大全聯 中壢店,多,19:10-19:23,2025-09-28,星期日,晴天,26,一般,豬梅花火鍋,3,89,20,1,肉類,
大全聯 中壢店,多,19:10-19:23,2025-09-28,星期日,晴天,26,一般,豬里肌火鍋片,5,170,20,1,肉類,
大全聯 中壢店,多,19:10-19:23,2025-09-28,星期日,晴天,26,一般,豬腱子肉,6,82,20,1,肉類,
大全聯 中壢店,多,19:10-19:23,2025-09-28,星期日,晴天,26,一般,螺旋酥捲,8,39,30,0,其他,
大全聯 中壢店,多,19:10-19:23,2025-09-28,星期日,晴天,26,一般,葡式蛋塔,10,67,30,0,麵包甜點類,
大全聯 中壢店,多,19:10-19:23,2025-09-28,星期日,晴天,26,一般,酥香培根麻糬球,10,39,20,0,其他,
大全聯 中壢店,多,19:52:00,2025-09-30,星期二,晴天,30,少,白管,3,68,44,,其他,
大全聯 中壢店,多,19:52:00,2025-09-30,星期二,晴天,30,少,澳洲冷藏小羊肩排,3,388,36,0,肉類,
大全聯 中壢店,多,19:52:00,2025-09-30,星期二,晴天,30,少,澳洲冷藏羊梅花火鍋片,4,272,20,1,肉類,
大全聯 中壢店,多,19:52:00,2025-09-30,星期二,晴天,30,少,冷藏雞里肌肉/大包裝,15,306,20,2,肉類,
大全聯 中壢店,多,19:52:00,2025-09-30,星期二,晴天,30,少,雞小腿,2,75,20,1,肉類,
大全聯 中壢店,多,19:52:00,2025-09-30,星期二,晴天,30,少,冷藏國產雞棒棒腿大包,7,163,20,1,肉類,
大全聯 中壢店,多,19:52:00,2025-09-30,星期二,晴天,30,少,冷藏雞二節翅/大包裝,2,198,20,1,肉類,
大全聯 中壢店,多,19:52:00,2025-09-30,星期二,晴天,30,少,土雞骨腿,7,434,36,1,肉類,
大全聯 中壢店,多,19:52:00,2025-09-30,星期二,晴天,30,少,美國冷藏沙朗心牛排,3,326,20,0,肉類,
大全聯 中壢店,多,19:52:00,2025-09-30,星期二,晴天,30,少,美國冷藏牛梅花牛排,5,353,20,1,肉類,
大全聯 中壢店,多,19:52:00,2025-09-30,星期二,晴天,30,少,美國牛嫩肩里肌燒烤片,10,294,20,1,肉類,
大全聯 中壢店,多,19:52:00,2025-09-30,星期二,晴天,30,少,安格斯牛小排火鍋片,7,433,20,1,肉類,
大全聯 中壢店,多,19:52:00,2025-09-30,星期二,晴天,30,少,美國無骨牛小排火烤片,5,274,20,1,肉類,
大全聯 中壢店,多,19:52:00,2025-09-30,星期二,晴天,30,少,冷藏本草豬里肌肉排,2,331,20,1,肉類,
大全聯 中壢店,多,19:52:00,2025-09-30,星期二,晴天,30,少,冷藏豬小排切塊,3,276,20,1,肉類,
大全聯 中壢店,多,19:52:00,2025-09-30,星期二,晴天,30,少,豬絞肉,5,157,36,1,肉類,
大全聯 中壢店,多,19:52:00,2025-09-30,星期二,晴天,30,少,豬里肌火鍋/薄切肉片,3,90,20,0,肉類,
大全聯 中壢店,多,19:52:00,2025-09-30,星期二,晴天,30,少,豬五花火鍋/薄切肉片,7,85,20,1,肉類,
大全聯 中壢店,多,19:52:00,2025-09-30,星期二,晴天,30,少,豬五花肉條(帶皮),2,183,20,1,肉類,
大全聯 中壢店,多,19:52:00,2025-09-30,星期二,晴天,30,少,葡式蛋塔,14,95,20,1,麵包甜點類,
大全聯 中壢店,多,19:52:00,2025-09-30,星期二,晴天,30,少,黑松露鹽可頌,5,34,30,0,麵包甜點類,
大全聯 中壢店,多,19:52:00,2025-09-30,星期二,晴天,30,少,菠蘿可頌,4,39,30,0,麵包甜點類,
大全聯 中壢店,多,19:52:00,2025-09-30,星期二,晴天,30,少,明太子可頌,6,43,30,0,麵包甜點類,
大全聯 中壢店,多,19:52:00,2025-09-30,星期二,晴天,30,少,日式起司棒,5,54,20,0,其他,
大全聯 中壢店,多,19:52:00,2025-09-30,星期二,晴天,30,少,白吐司,9,40,20,2,麵包甜點類,
大全聯 中壢店,多,19:52:00,2025-09-30,星期二,晴天,30,少,花朵千層蛋塔,4,99,20,1,麵包甜點類,
大全聯 中壢店,多,19:52:00,2025-09-30,星期二,晴天,30,少,椰香蛋糕,3,99,36,0,麵包甜點類,
大全聯 中壢店,多,19:52:00,2025-09-30,星期二,晴天,30,少,英式鬆餅(葡萄),5,84,20,0,麵包甜點類,
大全聯 中壢店,多,17:44:00,2025-10-01,星期三,晴天,32,多,刻花魷魚,2,89,10,1,魚類,
大全聯 中壢店,多,17:44:00,2025-10-01,星期三,晴天,32,多,雪螺,4,73,20,1,其他,
大全聯 中壢店,多,17:44:00,2025-10-01,星期三,晴天,32,多,雪螺,4,73,44,0,其他,
大全聯 中壢店,多,17:44:00,2025-10-01,星期三,晴天,32,多,白管,4,79,20,1,其他,
大全聯 中壢店,多,17:44:00,2025-10-01,星期三,晴天,32,多,冷藏去骨雞腿/大包裝,16,375,20,1,肉類,
大全聯 中壢店,多,17:44:00,2025-10-01,星期三,晴天,32,多,冷藏國產雞棒棒腿大包,13,159,20,1,肉類,
大全聯 中壢店,多,17:44:00,2025-10-01,星期三,晴天,32,多,冷藏雞三節翅/大包裝,5,226,20,1,肉類,
大全聯 中壢店,多,17:44:00,2025-10-01,星期三,晴天,32,多,美國冷藏沙朗心牛排,4,298,20,0,肉類,
大全聯 中壢店,多,17:44:00,2025-10-01,星期三,晴天,32,多,魚皮,3,102,44,0,魚類,
大全聯 中壢店,多,17:44:00,2025-10-01,星期三,晴天,32,多,挪威去刺鮭魚排,2,307,36,0,肉類,
大全聯 中壢店,多,17:44:00,2025-10-01,星期三,晴天,32,多,安格斯無骨牛小排大包,1,464,42.4,0,肉類,
大全聯 中壢店,多,17:44:00,2025-10-01,星期三,晴天,32,多,安格斯牛小排燒烤片,1,465,42.4,1,肉類,
大全聯 中壢店,多,17:44:00,2025-10-01,星期三,晴天,32,多,安格斯牛小排燒烤片,5,472,20,0,肉類,
大全聯 中壢店,多,17:44:00,2025-10-01,星期三,晴天,32,多,美國牛肩小排火鍋片,1,245,42.4,1,肉類,
大全聯 中壢店,多,17:44:00,2025-10-01,星期三,晴天,32,多,美國牛肩小排火鍋片,2,247,20,1,肉類,
大全聯 中壢店,多,17:44:00,2025-10-01,星期三,晴天,32,多,澳洲冷藏羊梅花火鍋片,4,272,36,0,肉類,
大全聯 中壢店,多,17:44:00,2025-10-01,星期三,晴天,32,多,冷藏本草豬後腿肉絲,2,357,42.4,1,肉類,
大全聯 中壢店,多,17:44:00,2025-10-01,星期三,晴天,32,多,本草豬附皮五花肉塊,6,356,20,1,肉類,
大全聯 中壢店,多,17:44:00,2025-10-01,星期三,晴天,32,多,附皮五花肉斯(快樂豬),4,206,42.4,1,肉類,
大全聯 中壢店,多,17:44:00,2025-10-01,星期三,晴天,32,多,冷藏豬小排切塊大包裝,8,454,20,0,肉類,
大全聯 中壢店,多,17:44:00,2025-10-01,星期三,晴天,32,多,草莓巧克力可頌,6,43,30,0,麵包甜點類,
大全聯 中壢店,多,17:44:00,2025-10-01,星期三,晴天,32,多,黑松露鹽可頌,3,34,30,0,麵包甜點類,
大全聯 中壢店,多,17:44:00,2025-10-01,星期三,晴天,32,多,菠蘿可頌,4,39,30,0,麵包甜點類,
大全聯 中壢店,多,17:44:00,2025-10-01,星期三,晴天,32,多,巧克力德國結,5,34,30,0,其他,
大全聯 中壢店,多,17:44:00,2025-10-01,星期三,晴天,32,多,義式佛卡夏,5,34,30,0,其他,
大全聯 中壢店,多,17:44:00,2025-10-01,星期三,晴天,32,多,香腸佛卡夏,4,43,30,0,其他,
大全聯 中壢店,多,17:44:00,2025-10-01,星期三,晴天,32,多,明太子可頌,6,43,30,0,麵包甜點類,
大全聯 中壢店,多,17:44:00,2025-10-01,星期三,晴天,32,多,鮭魚乳酪可頌,5,39,30,0,魚類,
大全聯 中壢店,多,17:44:00,2025-10-01,星期三,晴天,32,多,椰香蛋糕,4,99,36,0,麵包甜點類,
大全聯 中壢店,多,17:44:00,2025-10-01,星期三,晴天,32,多,英式鬆餅(葡萄),5,84,36,0,麵包甜點類,
大全聯 中壢店,多,17:44:00,2025-10-01,星期三,晴天,32,多,白吐司,1,40,36,0,麵包甜點類,
大全聯 中壢店,多,17:44:00,2025-10-01,星期三,晴天,32,多,葡式蛋塔,22,95,20,0,麵包甜點類,
大全聯 中壢店,多,17:44:00,2025-10-01,星期三,晴天,32,多,豬絞肉,7,162,36,0,肉類,
大全聯 中壢店,多,17:44:00,2025-10-01,星期三,晴天,32,多,豬里肌火鍋/薄切肉片,4,83,20,1,肉類,
大全聯 中壢店,多,17:44:00,2025-10-01,星期三,晴天,32,多,冷藏本草豬五花烤肉片,12,382,20,1,肉類,
大全聯 中壢店,多,17:44:00,2025-10-01,星期三,晴天,32,多,豬五花肉條(帶皮),1,188,20,1,肉類,
大全聯 中壢店,多,17:44:00,2025-10-01,星期三,晴天,32,多,冷藏肉-豬五花肉條,2,269,20,1,肉類,
大全聯 中壢店,多,18:35:00,2025-10-02,星期四,晴天,30,多,螺肉,2,77,36,0,肉類,
大全聯 中壢店,多,18:35:00,2025-10-02,星期四,晴天,30,多,白管,1,79,36,0,其他,
大全聯 中壢店,多,18:35:00,2025-10-02,星期四,晴天,30,多,魚皮,1,87,36,0,魚類,
大全聯 中壢店,多,18:35:00,2025-10-02,星期四,晴天,30,多,冷藏雞里肌肉/大包裝,9,211,20,1,肉類,
大全聯 中壢店,多,18:35:00,2025-10-02,星期四,晴天,30,多,冷藏國產雞棒棒腿大包,14,176,20,1,肉類,
大全聯 中壢店,多,18:35:00,2025-10-02,星期四,晴天,30,多,雞小腿,1,145,20,1,肉類,
大全聯 中壢店,多,18:35:00,2025-10-02,星期四,晴天,30,多,冷藏雞三節翅/大包裝,15,188,20,1,肉類,
大全聯 中壢店,多,18:35:00,2025-10-02,星期四,晴天,30,多,美國冷藏沙朗心牛排,1,264,20,1,肉類,
大全聯 中壢店,多,18:35:00,2025-10-02,星期四,晴天,30,多,安格斯無骨牛小排大包,4,409,20,1,肉類,
大全聯 中壢店,多,18:35:00,2025-10-02,星期四,晴天,30,多,安格斯牛小排燒烤片,12,432,20,1,肉類,
大全聯 中壢店,多,18:35:00,2025-10-02,星期四,晴天,30,多,安格斯牛小排火鍋片,7,437,20,1,肉類,
大全聯 中壢店,多,18:35:00,2025-10-02,星期四,晴天,30,多,澳洲冷藏羊梅花火鍋片,2,272,60,0,肉類,
大全聯 中壢店,多,18:35:00,2025-10-02,星期四,晴天,30,多,澳洲冷藏羊梅花炒肉片,2,333,60,0,肉類,
大全聯 中壢店,多,18:35:00,2025-10-02,星期四,晴天,30,多,冷藏品-本草豬龍骨,3,165,20,1,肉類,
大全聯 中壢店,多,18:35:00,2025-10-02,星期四,晴天,30,多,豬絞肉,4,146,36,0,肉類,
大全聯 中壢店,多,18:35:00,2025-10-02,星期四,晴天,30,多,附皮五花肉斯(快樂豬),1,210,63,0,肉類,
大全聯 中壢店,多,18:35:00,2025-10-02,星期四,晴天,30,多,豬里肌火鍋/薄切肉片,6,85,20,1,肉類,
大全聯 中壢店,多,18:35:00,2025-10-02,星期四,晴天,30,多,豬五花火鍋/薄切肉片,12,190,20,1,肉類,
大全聯 中壢店,多,18:35:00,2025-10-02,星期四,晴天,30,多,冷藏肉-豬五花肉條,5,242,20,1,肉類,
大全聯 中壢店,多,18:35:00,2025-10-02,星期四,晴天,30,多,椰香蛋糕,3,99,28,0,麵包甜點類,
大全聯 中壢店,多,18:35:00,2025-10-02,星期四,晴天,30,多,英式鬆餅(葡萄),2,84,28,0,麵包甜點類,
大全聯 中壢店,多,18:35:00,2025-10-02,星期四,晴天,30,多,白吐司,11,40,28,0,麵包甜點類,
大全聯 中壢店,多,18:35:00,2025-10-02,星期四,晴天,30,多,葡式蛋塔,20,95,20,0,麵包甜點類,
大全聯 中壢店,多,18:35:00,2025-10-02,星期四,晴天,30,多,花朵千層蛋塔,2,99,20,0,麵包甜點類,
中壢中北店,無,12:33-12:39,2025-03-23,星期日,晴天,23,一般,美國牛肉粗絞,2,99,20,0,肉類,
中壢中北店,無,12:33-12:39,2025-03-23,星期日,晴天,23,一般,綠竹筍,2,228,10,0,蔬果類,
中壢中北店,無,12:33-12:39,2025-03-23,星期日,晴天,23,一般,拜脫球3入,1,42,30,0,其他,
中壢中北店,無,12:33-12:39,2025-03-23,星期日,晴天,23,一般,吐司,2,40,30,0,麵包甜點類,
中壢中北店,無,20:00:00,2025-03-26,星期三,晴天,19,少,豬肉里肌肉片,2,99,20,0,肉類,
中壢中北店,無,20:00:00,2025-03-26,星期三,晴天,19,少,台灣豬小排丁,2,148,20,0,肉類,
中壢中北店,無,20:00:00,2025-03-26,星期三,晴天,19,少,泰安台灣豬豬肋條,1,140,20,0,肉類,
中壢中北店,無,20:00:00,2025-03-26,星期三,晴天,19,少,家福嚴選台灣豬豬肋條,1,148,20,0,肉類,
中壢中北店,無,20:00:00,2025-03-26,星期三,晴天,19,少,台灣豬胛心絞肉,1,80,20,0,肉類,
中壢中北店,無,18:17-18:23,2025-03-28,星期五,陰天,16,少,豬肉里肌火鍋片,2,63,20,1,肉類,
中壢中北店,無,18:17-18:23,2025-03-28,星期五,陰天,16,少,豬梅花火鍋片,1,87,20,1,肉類,
中壢中北店,無,18:17-18:23,2025-03-28,星期五,陰天,16,少,家福嚴選台灣豬豬肋條,1,148,20,0,肉類,
中壢中北店,無,18:17-18:23,2025-03-28,星期五,陰天,16,少,台灣豬胛心絞肉,1,80,20,0,肉類,
中壢中北店,無,18:17-18:23,2025-03-28,星期五,陰天,16,少,美國牛肉粗絞,3,120,20,0,肉類,
中壢中北店,無,18:17-18:23,2025-03-28,星期五,陰天,16,少,豬五花肉條附皮,1,234,20,1,肉類,
中壢中北店,無,18:17-18:23,2025-03-28,星期五,陰天,16,少,豬後腿肉絲,2,68,20,1,肉類,
中壢中北店,無,18:17-18:23,2025-03-28,星期五,陰天,16,少,吻仔魚,1,115,20,1,魚類,
中壢中北店,無,18:17-18:23,2025-03-28,星期五,陰天,16,少,有機活株韓小菇,2,69,20,1,蔬果類,
中壢中北店,無,18:17-18:23,2025-03-28,星期五,陰天,16,少,有機杏鮑菇,1,79,20,1,蔬果類,
中壢中北店,無,18:17-18:23,2025-03-28,星期五,陰天,16,少,履歷洋菇,2,98,10,1,蔬果類,
中壢中北店,無,18:17-18:23,2025-03-28,星期五,陰天,16,少,日本山藥,1,199,20,1,其他,
中壢中北店,無,18:17-18:23,2025-03-28,星期五,陰天,16,少,白花菜,1,55,20,1,蔬果類,
中壢中北店,無,18:17-18:23,2025-03-28,星期五,陰天,16,少,履歷甜豆莢,1,69,30,1,蔬果類,
中壢中北店,無,18:17-18:23,2025-03-28,星期五,陰天,16,少,有機羽衣甘藍,1,49,20,1,其他,
中壢中北店,無,20:01-20:10,2025-04-01,星期二,陰天,14,少,台灣豬小排丁,2,148,20,0,肉類,
中壢中北店,無,20:01-20:10,2025-04-01,星期二,陰天,14,少,豬梅花肉排,1,108,20,1,肉類,
中壢中北店,無,20:01-20:10,2025-04-01,星期二,陰天,14,少,家福嚴選台灣豬豬肋條,1,148,20,0,肉類,
中壢中北店,無,20:01-20:10,2025-04-01,星期二,陰天,14,少,台灣豬胛心絞肉,1,88,20,0,肉類,
中壢中北店,無,20:01-20:10,2025-04-01,星期二,陰天,14,少,美國牛肉粗絞,3,120,20,0,肉類,
中壢中北店,無,20:01-20:10,2025-04-01,星期二,陰天,14,少,豬培根厚切,1,160,20,0,肉類,
中壢中北店,無,18:49-18:55,2025-04-04,星期五,晴天,21,一般,美國牛肉粗絞,1,129,20,0,肉類,
中壢中北店,無,13:00:00,2025-06-30,星期一,晴天,35,少,豬里肌小排,1,100,20,1,肉類,
中壢中北店,無,13:00:00,2025-06-30,星期一,晴天,35,少,豬梅花火鍋片,3,163,20,1,肉類,
中壢中北店,無,13:00:00,2025-06-30,星期一,晴天,35,少,豬里肌火鍋片,2,96,20,1,肉類,
中壢中北店,無,13:00:00,2025-06-30,星期一,晴天,35,少,豬五花火鍋片,2,150,20,0,肉類,
中壢中北店,無,16:45:00,2025-07-11,星期五,陰天,29,少,豬五花火鍋片,2,104,20,1,肉類,
中壢中北店,無,16:45:00,2025-07-11,星期五,陰天,29,少,豬梅花火鍋片,1,126,20,1,肉類,
中壢中北店,無,16:45:00,2025-07-11,星期五,陰天,29,少,豬里肌火鍋片,3,108,20,1,肉類,
中壢中北店,無,16:45:00,2025-07-11,星期五,陰天,29,少,安心豚冷藏台灣五花火鍋片,1,110,20,1,肉類,
中壢中北店,無,16:40:00,2025-08-05,星期二,陰天,27,少,黑糖小菠蘿,2,38,10,1,其他,
中壢中北店,無,16:40:00,2025-08-05,星期二,陰天,27,少,日式烤麻糬,4,129,10,1,其他,
中壢中北店,無,16:40:00,2025-08-05,星期二,陰天,27,少,法式大圓,3,45,10,1,其他,
中壢中北店,無,16:40:00,2025-08-05,星期二,陰天,27,少,白吐司,2,42,10,1,麵包甜點類,
中壢中北店,無,16:20:00,2025-08-14,星期四,晴天,34,少,豬五花火鍋肉片,2,94,20,1,肉類,
中壢中北店,無,16:20:00,2025-08-14,星期四,晴天,34,少,豬梅花火鍋肉片,1,119,20,1,肉類,
中壢中北店,無,16:20:00,2025-08-14,星期四,晴天,34,少,豬里肌烤肉片,1,143,20,1,肉類,
中壢中北店,無,16:20:00,2025-08-14,星期四,晴天,34,少,五花火鍋肉片,2,129,20,1,肉類,
中壢中北店,無,16:20:00,2025-08-14,星期四,晴天,34,少,豬里肌火鍋肉片,2,97,20,1,肉類,
中壢中北店,無,16:20:00,2025-08-14,星期四,晴天,34,少,豬梅花火鍋肉片,2,100,20,1,肉類,
中壢中北店,無,16:20:00,2025-08-14,星期四,晴天,34,少,澳洲牛穀飼板腱火鍋片,3,165,20,1,肉類,
中壢中北店,無,16:20:00,2025-08-14,星期四,晴天,34,少,美國肩小排火鍋片,3,164,20,1,肉類,
中壢中北店,無,16:20:00,2025-08-14,星期四,晴天,34,少,進口櫻桃,1,165,10,0,其他,
中壢中北店,無,16:20:00,2025-08-14,星期四,晴天,34,少,水果切盤,15,39,20,0,蔬果類,
中壢中北店,無,17:15:00,2025-08-15,星期五,晴天,32,少,冷藏豬里肌火鍋片,13,108,20,1,肉類,
中壢中北店,無,17:15:00,2025-08-15,星期五,晴天,32,少,冷藏豬五花火鍋片,2,94,40,0,肉類,
中壢中北店,無,17:15:00,2025-08-15,星期五,晴天,32,少,冷藏豬梅花火鍋肉片,11,141,20,1,肉類,
中壢中北店,無,17:15:00,2025-08-15,星期五,晴天,32,少,冷藏豬五花火鍋肉片,7,122,20,1,肉類,
中壢中北店,無,17:42:00,2025-08-17,星期日,晴天,33,少,澳洲調味板腱燒烤片,1,790,40,0,其他,
中壢中北店,無,17:42:00,2025-08-17,星期日,晴天,33,少,里肌燒烤片,1,125,20,1,其他,
中壢中北店,無,17:42:00,2025-08-17,星期日,晴天,33,少,里肌火鍋肉片,2,102,20,1,肉類,
中壢中北店,無,17:42:00,2025-08-17,星期日,晴天,33,少,五花火鍋肉片,1,114,20,1,肉類,
中壢中北店,無,17:42:00,2025-08-17,星期日,晴天,33,少,進口櫻桃,9,164,10,0,其他,
中壢中北店,無,11:17-11:20,2025-09-24,星期三,晴天,28,少,酒醸桂圓核桃麵包,1,65,30,1,麵包甜點類,
中壢中北店,無,11:17-11:20,2025-09-24,星期三,晴天,28,少,越南娃娃菜,1,49,20,0,蔬果類,
中壢中北店,無,11:17-11:20,2025-09-24,星期三,晴天,28,少,履歷青蔥,1,72,20,0,蔬果類,
中壢中北店,無,11:17-11:20,2025-09-24,星期三,晴天,28,少,絲瓜,2,36,10,0,蔬果類,
中壢中北店,無,11:17-11:20,2025-09-24,星期三,晴天,28,少,履歷紫心地瓜,2,69,30,0,蔬果類,
中壢中北店,無,11:17-11:20,2025-09-24,星期三,晴天,28,少,履歷檸檬,1,79,20,0,其他,
中壢中北店,無,11:17-11:20,2025-09-24,星期三,晴天,28,少,冷藏美國牛肉粗絞,2,129,20,0,肉類,
中壢中北店,無,11:17-11:20,2025-09-24,星期三,晴天,28,少,紐西蘭Zespri綠奇異果5入,1,159,40,0,蔬果類,
中壢中北店,無,11:17-11:20,2025-09-24,星期三,晴天,28,少,紐西蘭Zespri綠奇異果5入,1,159,20,1,蔬果類,
中壢中北店,無,11:17-11:20,2025-09-24,星期三,晴天,28,少,家樂福有機黃豆芽,1,25,30,0,蔬果類,
中壢中北店,無,11:17-11:20,2025-09-24,星期三,晴天,28,少,家樂福有機櫛瓜,1,118,30,0,蔬果類,
中壢中北店,無,19:24-19:29,2025-09-25,星期四,晴天,26,一般,臺灣酪梨,1,79,30,0,其他,
中壢中北店,無,19:24-19:29,2025-09-25,星期四,晴天,26,一般,精選青花菜,2,79,30,0,蔬果類,
中壢中北店,無,19:24-19:29,2025-09-25,星期四,晴天,26,一般,履歷芹菜,1,88,20,0,蔬果類,
中壢中北店,無,19:24-19:29,2025-09-25,星期四,晴天,26,一般,精選青椒,1,69,20,0,蔬果類,
中壢中北店,無,19:24-19:29,2025-09-25,星期四,晴天,26,一般,絲瓜,1,36,10,0,蔬果類,
中壢中北店,無,19:24-19:29,2025-09-25,星期四,晴天,26,一般,紐西蘭富士蘋果4粒,2,129,30,0,蔬果類,
中壢中北店,無,19:24-19:29,2025-09-25,星期四,晴天,26,一般,履歷紫心地瓜,2,69,30,0,蔬果類,
中壢中北店,無,19:24-19:29,2025-09-25,星期四,晴天,26,一般,家樂福有機銀耳,1,85,30,0,其他,
中壢中北店,無,19:24-19:29,2025-09-25,星期四,晴天,26,一般,有機活株韓小菇,1,79,20,0,蔬果類,
中壢中北店,無,19:24-19:29,2025-09-25,星期四,晴天,26,一般,履歷敏豆,1,129,30,0,蔬果類,
中壢中北店,無,19:24-19:29,2025-09-25,星期四,晴天,26,一般,有機金針菇（森甜金菇）,1,33,20,0,蔬果類,
中壢中北店,無,19:24-19:29,2025-09-25,星期四,晴天,26,一般,履歷秋葵,1,65,20,0,其他,
中壢中北店,無,19:24-19:29,2025-09-25,星期四,晴天,26,一般,家樂福有機櫛瓜,1,109,30,0,蔬果類,
中壢中北店,無,19:24-19:29,2025-09-25,星期四,晴天,26,一般,履歷青蔥,1,72,30,0,蔬果類,
中壢中北店,無,19:24-19:29,2025-09-25,星期四,晴天,26,一般,家樂福有機紅鬚玉米筍,1,49,20,0,蔬果類,
中壢中北店,無,19:24-19:29,2025-09-25,星期四,晴天,26,一般,活舒菜讚石冰,1,149,30,0,蔬果類,
中壢中北店,無,19:24-19:29,2025-09-25,星期四,晴天,26,一般,冷藏美國牛肉粗絞,1,129,20,1,肉類,
中壢中北店,無,19:24-19:29,2025-09-25,星期四,晴天,26,一般,豬五花肉火鍋片,1,115,30,0,肉類,
中壢中北店,無,19:24-19:29,2025-09-25,星期四,晴天,26,一般,家樂福冷藏臺灣豬胛心絞肉,1,80,20,1,肉類,
中壢中北店,無,19:24-19:29,2025-09-25,星期四,晴天,26,一般,家樂福冷藏臺灣豬前腿肉片,1,88,20,1,肉類,
中壢中北店,無,19:24-19:29,2025-09-25,星期四,晴天,26,一般,美國進口棒腿,1,70,20,1,肉類,
中壢中北店,無,19:24-19:29,2025-09-25,星期四,晴天,26,一般,美國進口棒腿,1,67,20,1,肉類,
中壢中北店,無,19:24-19:29,2025-09-25,星期四,晴天,26,一般,冷藏香辣鐵路排骨,1,128,30,1,肉類,
中壢中北店,無,19:24-19:29,2025-09-25,星期四,晴天,26,一般,冷藏臺灣豬梅花火鍋片,2,91,20,1,肉類,
中壢中北店,無,19:24-19:29,2025-09-25,星期四,晴天,26,一般,冷藏臺灣豬五花火鍋片,2,75,20,1,肉類,
中壢中北店,無,19:24-19:29,2025-09-25,星期四,晴天,26,一般,冷藏臺灣豬里肌火鍋片,2,81,20,1,肉類,
中壢中北店,無,19:24-19:29,2025-09-25,星期四,晴天,26,一般,家樂福嚴選冷藏臺灣豬小排丁,1,148,20,1,肉類,
中壢中北店,無,19:24-19:29,2025-09-25,星期四,晴天,26,一般,有機金針菇（森甜金菇）,1,33,20,0,蔬果類,
中壢中北店,無,19:24-19:29,2025-09-25,星期四,晴天,26,一般,履歷嫩薑,1,49,20,0,其他,
中壢中北店,無,19:24-19:29,2025-09-25,星期四,晴天,26,一般,加拿大大櫻桃心型盒,1,329,30,3,其他,
中壢中北店,無,19:24-19:29,2025-09-25,星期四,晴天,26,一般,紐西蘭Zespri綠奇異果5入,2,159,30,1,蔬果類,
中壢中北店,無,19:24-19:29,2025-09-25,星期四,晴天,26,一般,紐西蘭Zespri綠奇異果5入,1,159,40,0,蔬果類,
中壢中北店,無,19:34-19:37,2025-09-26,星期五,晴天,27,少,澳洲茂谷柑2入,2,58,20,0,其他,
中壢中北店,無,19:34-19:37,2025-09-26,星期五,晴天,27,少,梨山香梨,1,149,30,0,其他,
中壢中北店,無,19:34-19:37,2025-09-26,星期五,晴天,27,少,花蓮縣餅原味奶油酥條,2,209,20,5,麵包甜點類,
中壢中北店,無,19:34-19:37,2025-09-26,星期五,晴天,27,少,小潘蛋糕坊鳳凰酥12入,1,455,30,6,麵包甜點類,
中壢中北店,無,19:34-19:37,2025-09-26,星期五,晴天,27,少,履歷芹菜,1,88,30,0,蔬果類,
中壢中北店,無,19:34-19:37,2025-09-26,星期五,晴天,27,少,家樂福有機小白菜,3,39,30,0,蔬果類,
中壢中北店,無,19:34-19:37,2025-09-26,星期五,晴天,27,少,紐西蘭酪梨,2,90,20,0,其他,
中壢中北店,無,19:34-19:37,2025-09-26,星期五,晴天,27,少,臺灣白蘿蔔,1,69,30,0,其他,
中壢中北店,無,19:34-19:37,2025-09-26,星期五,晴天,27,少,履歷彩椒,2,90,30,0,蔬果類,
中壢中北店,無,19:34-19:37,2025-09-26,星期五,晴天,27,少,履歷紫心地瓜,2,69,30,0,蔬果類,
中壢中北店,無,19:34-19:37,2025-09-26,星期五,晴天,27,少,絲瓜,1,36,10,0,蔬果類,
中壢中北店,無,19:34-19:37,2025-09-26,星期五,晴天,27,少,越南青花菜,2,119,10,0,蔬果類,
中壢中北店,無,19:34-19:37,2025-09-26,星期五,晴天,27,少,家樂福有機銀耳,1,85,30,0,其他,
中壢中北店,無,19:34-19:37,2025-09-26,星期五,晴天,27,少,有機活株韓小菇,1,79,20,0,蔬果類,
中壢中北店,無,19:34-19:37,2025-09-26,星期五,晴天,27,少,履歷嫩薑,1,49,30,0,其他,
中壢中北店,無,19:34-19:37,2025-09-26,星期五,晴天,27,少,家樂福有機紅鬚玉米筍,1,49,20,0,蔬果類,
中壢中北店,無,19:34-19:37,2025-09-26,星期五,晴天,27,少,精選青椒,1,69,20,0,蔬果類,
中壢中北店,無,19:34-19:37,2025-09-26,星期五,晴天,27,少,履歷敏豆,1,129,30,0,蔬果類,
中壢中北店,無,19:34-19:37,2025-09-26,星期五,晴天,27,少,紐西蘭Zespri綠奇異果5入,1,159,30,0,蔬果類,
中壢中北店,無,19:34-19:37,2025-09-26,星期五,晴天,27,少,冷藏香辣鐵路排骨,1,128,30,0,肉類,
中壢中北店,無,19:34-19:37,2025-09-26,星期五,晴天,27,少,冷藏臺灣豬五花火鍋片,1,69,20,1,肉類,
中壢中北店,無,19:34-19:37,2025-09-26,星期五,晴天,27,少,美國進口棒腿切塊,2,69,20,1,肉類,
中壢中北店,無,19:34-19:37,2025-09-26,星期五,晴天,27,少,冷藏美國牛肉絞肉,2,129,20,0,肉類,
中壢中北店,無,19:34-19:37,2025-09-26,星期五,晴天,27,少,家樂福嚴選冷藏臺灣豬前腿肉片,1,88,20,1,肉類,
中壢中北店,無,19:34-19:37,2025-09-26,星期五,晴天,27,少,家樂福嚴選冷藏臺灣豬胛心絞肉,1,80,20,1,肉類,
中壢中北店,無,20:45-20:49,2025-09-27,星期六,晴天,28,少,家樂福有機銀耳,1,85,30,0,其他,
中壢中北店,無,20:45-20:49,2025-09-27,星期六,晴天,28,少,越南青花菜,2,119,20,0,蔬果類,
中壢中北店,無,20:45-20:49,2025-09-27,星期六,晴天,28,少,家樂福有機紅鬚玉米筍,1,49,20,0,蔬果類,
中壢中北店,無,20:45-20:49,2025-09-27,星期六,晴天,28,少,履歷敏豆,1,129,30,0,蔬果類,
中壢中北店,無,20:45-20:49,2025-09-27,星期六,晴天,28,少,有機婉豆芽,1,39,30,0,蔬果類,
中壢中北店,無,20:45-20:49,2025-09-27,星期六,晴天,28,少,家樂福有機黃豆芽,1,25,20,0,蔬果類,
中壢中北店,無,20:45-20:49,2025-09-27,星期六,晴天,28,少,花蓮縣餅原味奶油酥條,2,209,20,4,麵包甜點類,
中壢中北店,無,20:45-20:49,2025-09-27,星期六,晴天,28,少,家樂福有機黑葉白菜,10,39,20,0,蔬果類,
中壢中北店,無,20:45-20:49,2025-09-27,星期六,晴天,28,少,家樂福有機青江菜,2,39,30,0,蔬果類,
中壢中北店,無,20:45-20:49,2025-09-27,星期六,晴天,28,少,紐西蘭酪梨,2,90,20,0,其他,
中壢中北店,無,20:45-20:49,2025-09-27,星期六,晴天,28,少,台灣紫金地瓜,2,69,20,0,蔬果類,
中壢中北店,無,20:45-20:49,2025-09-27,星期六,晴天,28,少,台灣白蘿蔔,1,69,30,0,其他,
中壢中北店,無,20:45-20:49,2025-09-27,星期六,晴天,28,少,履歷彩椒,1,90,30,0,蔬果類,
中壢中北店,無,20:45-20:49,2025-09-27,星期六,晴天,28,少,絲瓜,1,36,10,0,蔬果類,
中壢中北店,無,20:45-20:49,2025-09-27,星期六,晴天,28,少,履歷紫心地瓜,1,69,30,0,蔬果類,
中壢中北店,無,20:45-20:49,2025-09-27,星期六,晴天,28,少,冷藏台灣豬枝骨,1,50,20,1,肉類,
中壢中北店,無,20:45-20:49,2025-09-27,星期六,晴天,28,少,美國進口棒腿,2,69,20,1,肉類,
中壢中北店,無,20:45-20:49,2025-09-27,星期六,晴天,28,少,產銷履歷全氣冷雞冷藏二節翅,1,110,20,1,肉類,
中壢中北店,無,20:45-20:49,2025-09-27,星期六,晴天,28,少,產銷履歷全氣冷雞冷藏雞翅小腿,1,88,20,1,肉類,
中壢中北店,無,20:45-20:49,2025-09-27,星期六,晴天,28,少,胡同冷藏椒鹽鹹豬肉（熟）,1,170,30,1,肉類,
中壢中北店,無,20:45-20:49,2025-09-27,星期六,晴天,28,少,魷魚烤串,1,109,20,1,魚類,
中壢中北店,無,20:45-20:49,2025-09-27,星期六,晴天,28,少,超市_香烤雞骨清退,2,156,20,0,肉類,
中壢中北店,無,20:45-20:49,2025-09-27,星期六,晴天,28,少,酒醸桂圓核桃麵包,2,65,30,1,麵包甜點類,
中壢中北店,無,20:45-20:49,2025-09-27,星期六,晴天,28,少,白吐司半條（安佳奶油）,1,42,30,1,麵包甜點類,
中壢中北店,無,12:15-12:19,2025-09-28,星期日,晴天,30,一般,家樂福有機銀耳,1,85,30,0,其他,
中壢中北店,無,12:15-12:19,2025-09-28,星期日,晴天,30,一般,有機柳松菇,1,45,20,0,蔬果類,
中壢中北店,無,12:15-12:19,2025-09-28,星期日,晴天,30,一般,越南青花菜,2,119,30,0,蔬果類,
中壢中北店,無,12:15-12:19,2025-09-28,星期日,晴天,30,一般,家樂福有機紅鬚玉米筍,1,49,20,0,蔬果類,
中壢中北店,無,12:15-12:19,2025-09-28,星期日,晴天,30,一般,履歷敏豆,1,129,30,0,蔬果類,
中壢中北店,無,12:15-12:19,2025-09-28,星期日,晴天,30,一般,家樂福有機蚵仔白菜,20,39,30,0,蔬果類,
中壢中北店,無,12:15-12:19,2025-09-28,星期日,晴天,30,一般,履歷油菜,1,24,30,0,蔬果類,
中壢中北店,無,12:15-12:19,2025-09-28,星期日,晴天,30,一般,履歷紫心地瓜,2,69,30,0,蔬果類,
中壢中北店,無,12:15-12:19,2025-09-28,星期日,晴天,30,一般,履歷彩椒,4,90,30,0,蔬果類,
中壢中北店,無,12:15-12:19,2025-09-28,星期日,晴天,30,一般,台灣白蘿蔔,1,69,30,0,其他,
中壢中北店,無,12:15-12:19,2025-09-28,星期日,晴天,30,一般,絲瓜,1,36,10,0,蔬果類,
中壢中北店,無,12:15-12:19,2025-09-28,星期日,晴天,30,一般,履歷秋葵,1,59,20,0,其他,
中壢中北店,無,12:15-12:19,2025-09-28,星期日,晴天,30,一般,紐西蘭Zespri綠奇異果5入,1,159,40,0,蔬果類,
中壢中北店,無,12:15-12:19,2025-09-28,星期日,晴天,30,一般,紐西蘭酪梨,2,90,20,0,其他,
中壢中北店,無,12:15-12:19,2025-09-28,星期日,晴天,30,一般,花蓮縣餅原味奶油酥條,2,209,20,3,麵包甜點類,
中壢中北店,無,12:15-12:19,2025-09-28,星期日,晴天,30,一般,冷藏台灣豬枝骨,1,50,20,0,肉類,
中壢中北店,無,12:15-12:19,2025-09-28,星期日,晴天,30,一般,魷魚烤串,2,109,20,0,魚類,
中壢中北店,無,12:15-12:19,2025-09-28,星期日,晴天,30,一般,胡同冷藏椒鹽鹹豬肉（熟）,1,170,30,0,肉類,
中壢中北店,無,12:15-12:19,2025-09-28,星期日,晴天,30,一般,母香魚2尾-有卵,1,149,20,0,魚類,
中壢中北店,無,12:15-12:19,2025-09-28,星期日,晴天,30,一般,安心雞翅小腿,1,88,20,0,肉類,
中壢中北店,無,12:15-12:19,2025-09-28,星期日,晴天,30,一般,家樂福嚴選冷藏臺灣豬胛心絞肉,1,80,20,1,肉類,
中壢中北店,無,12:15-12:19,2025-09-28,星期日,晴天,30,一般,法式手工羊角,1,28,30,0,肉類,
中壢中北店,無,12:15-12:19,2025-09-28,星期日,晴天,30,一般,柚香椪柑麵包,1,65,30,0,麵包甜點類,
中壢中北店,無,12:15-12:19,2025-09-28,星期日,晴天,30,一般,黑芝麻吐司,1,65,30,1,麵包甜點類,
中壢中北店,無,12:15-12:19,2025-09-28,星期日,晴天,30,一般,小麥胚芽吐司半條,1,50,30,0,麵包甜點類,
中壢中原店,少,14:54:00,2025-03-23,星期日,晴天,24,少,牛排,1,216,20,0,肉類,
中壢中原店,少,14:54:00,2025-03-23,星期日,晴天,24,少,豬肉里肌肉片,1,115,20,0,肉類,
中壢中原店,少,14:54:00,2025-03-23,星期日,晴天,24,少,鮭魚,1,102,20,0,魚類,
中壢中原店,少,14:54:00,2025-03-23,星期日,晴天,24,少,貝果,1,32,20,0,蔬果類,
中壢中原店,少,14:52:00,2025-04-04,星期五,晴天,20,一般,吐司,5,45,20,0,麵包甜點類,
中壢中原店,少,14:52:00,2025-04-04,星期五,晴天,20,一般,貝果,1,25,20,0,蔬果類,
中壢中原店,少,14:52:00,2025-04-04,星期五,晴天,20,一般,番茄,3,78,25,2,蔬果類,
中壢中原店,少,14:52:00,2025-04-04,星期五,晴天,20,一般,牛排,2,285,20,0,肉類,
中壢中原店,少,14:52:00,2025-04-04,星期五,晴天,20,一般,雪花牛肉,1,207,20,0,肉類,
中壢中原店,少,14:52:00,2025-04-04,星期五,晴天,20,一般,牛梅花牛排,2,206,20,1,肉類,
中壢中原店,少,14:52:00,2025-04-04,星期五,晴天,20,一般,鯛魚,1,119,20,1,魚類,
中壢中原店,少,12:04:00,2025-04-07,星期一,晴天,25,少,霜降牛火鍋肉片,1,179,20,0,肉類,
中壢中原店,少,12:04:00,2025-04-07,星期一,晴天,25,少,里肌牛排,1,204,20,0,肉類,
中壢中原店,少,12:04:00,2025-04-07,星期一,晴天,25,少,美國牛炒肉片,1,180,20,0,肉類,
中壢中原店,少,12:04:00,2025-04-07,星期一,晴天,25,少,澳洲牛嫩腿心炒肉絲,2,102,20,0,肉類,
中壢中原店,少,12:04:00,2025-04-07,星期一,晴天,25,少,雞腿排肉切片,1,85,20,0,肉類,
中壢中原店,少,12:04:00,2025-04-07,星期一,晴天,25,少,雞骨腿切塊,2,169,20,0,肉類,
中壢中原店,少,12:04:00,2025-04-07,星期一,晴天,25,少,鮭魚,1,159,20,0,魚類,
中壢中原店,少,12:04:00,2025-04-07,星期一,晴天,25,少,美式漢堡,1,45,20,0,其他,
中壢中原店,少,17:50:00,2025-04-08,星期二,陰天,23,少,美國單骨牛小排,1,285,52,0,肉類,
中壢中原店,少,14:47:00,2025-04-16,星期三,晴天,30,少,梅花牛排,1,184,20,0,肉類,
中壢中原店,少,14:47:00,2025-04-16,星期三,晴天,30,少,梅花牛火鍋片,2,139,20,0,肉類,
中壢中原店,少,14:47:00,2025-04-16,星期三,晴天,30,少,美國牛絞肉,1,109,20,0,肉類,
中壢中原店,少,14:47:00,2025-04-16,星期三,晴天,30,少,牛肩肌火鍋片,1,142,20,0,肉類,
中壢中原店,少,14:47:00,2025-04-16,星期三,晴天,30,少,美國單骨牛小排,1,285,20,0,肉類,
中壢中原店,少,14:47:00,2025-04-16,星期三,晴天,30,少,鷄骨腿切,2,179,20,0,肉類,
中壢中原店,少,14:47:00,2025-04-16,星期三,晴天,30,少,盤仔魚,1,143,20,0,魚類,
中壢中原店,少,14:47:00,2025-04-16,星期三,晴天,30,少,馬卡龍,1,75,20,0,其他,
中壢中原店,少,14:47:00,2025-04-16,星期三,晴天,30,少,夾心麵包,1,28,20,0,麵包甜點類,
中壢中原店,少,14:47:00,2025-04-16,星期三,晴天,30,少,千層土司,1,79,20,0,其他,
中壢中原店,少,14:47:00,2025-04-16,星期三,晴天,30,少,銅鑼燒,2,89,15,0,其他,
中壢中原店,少,15:01:00,2025-04-25,星期五,晴天,20,少,空運酪梨,4,89,22,0,其他,
中壢中原店,少,15:01:00,2025-04-25,星期五,晴天,20,少,牛胸火鍋片,1,230,20,0,肉類,
中壢中原店,少,15:01:00,2025-04-25,星期五,晴天,20,少,澳洲牛肩里肌牛排,2,203,20,0,肉類,
中壢中原店,少,15:01:00,2025-04-25,星期五,晴天,20,少,牛小排,1,252,20,0,肉類,
中壢中原店,少,15:01:00,2025-04-25,星期五,晴天,20,少,十三香豬肉片,2,79,20,0,肉類,
中壢中原店,少,15:01:00,2025-04-25,星期五,晴天,20,少,馬告鯛魚,1,125,20,0,魚類,
中壢中原店,少,15:01:00,2025-04-25,星期五,晴天,20,少,風目魚,1,99,20,0,魚類,
中壢中原店,少,15:01:00,2025-04-25,星期五,晴天,20,少,鮭魚切,1,148,20,0,魚類,
中壢中原店,少,15:01:00,2025-04-25,星期五,晴天,20,少,厚片土司,1,45,20,0,其他,
中壢中原店,少,15:01:00,2025-04-25,星期五,晴天,20,少,香土司,1,45,20,0,其他,
中壢中原店,少,15:01:00,2025-04-25,星期五,晴天,20,少,鯛魚火鍋片,1,119,20,0,肉類,
中壢中原店,少,19:12:00,2025-07-15,星期二,晴天,32,一般,豬里肌,1,89,20,0,肉類,
中壢中原店,少,19:12:00,2025-07-15,星期二,晴天,32,一般,白口,1,128,40,0,其他,
中壢中原店,少,19:12:00,2025-07-15,星期二,晴天,32,一般,鮭魚頭,1,49,40,0,魚類,
北港民主店,一般,17:00:00,2025-08-04,星期二,陰天,28,少,冬瓜,2,68,40,4,蔬果類,
北港民主店,一般,21:10:00,2025-08-05,星期三,晴天,30,少,豬頸肉切片,1,169,40,1,肉類,
北港民主店,一般,21:10:00,2025-08-05,星期三,晴天,30,少,冬瓜,1,68,40,3,蔬果類,
北港民主店,一般,13:17:00,2025-08-12,星期二,晴天,30,少,豬里肌火鍋肉片,1,89,20,0,肉類,
北港民主店,一般,13:17:00,2025-08-12,星期二,晴天,30,少,柳葉魚,1,68,20,0,魚類,
北港民主店,一般,13:17:00,2025-08-12,星期二,晴天,30,少,魷魚一夜干,1,109,20,0,魚類,
北港民主店,一般,13:17:00,2025-08-12,星期二,晴天,30,少,刻花魷魚,2,84,20,0,魚類,
北港民主店,一般,13:17:00,2025-08-12,星期二,晴天,30,少,無骨牛小排,2,196,20,0,肉類,
北港民主店,一般,13:17:00,2025-08-12,星期二,晴天,30,少,無骨牛小排,2,180,20,0,肉類,
北港民主店,一般,13:17:00,2025-08-12,星期二,晴天,30,少,紐西蘭小羔羊梅花肉片,2,165,40,0,肉類,
北港民主店,一般,13:17:00,2025-08-12,星期二,晴天,30,少,澳洲穀飼帶骨牛小排,1,275,40,0,肉類,
北港民主店,一般,16:11:00,2025-08-14,星期四,晴天,33,少,美國牛梅花火鍋肉片（解凍肉）,3,159,22,1,肉類,
北港民主店,一般,16:11:00,2025-08-14,星期四,晴天,33,少,豬白肉火鍋片（解凍肉）,5,118,17,1,肉類,
北港民主店,一般,16:11:00,2025-08-14,星期四,晴天,33,少,雞里肌肉（解凍肉）,7,79,13,1,肉類,
北港民主店,一般,16:11:00,2025-08-14,星期四,晴天,33,少,熟文蛤肉,1,58,40,0,肉類,
北港民主店,一般,20:00:00,2025-08-15,星期五,晴天,30,少,豬五花火鍋片（解凍肉）,5,95,40,0,肉類,
北港民主店,一般,17:30:00,2025-08-17,星期日,晴天,32,一般,美國牛肩里肌烤肉片,2,188,40,0,肉類,
北港民主店,一般,17:30:00,2025-08-17,星期日,晴天,32,一般,美國牛肩里肌牛排,1,201,40,0,肉類,
北港民主店,一般,17:30:00,2025-08-17,星期日,晴天,32,一般,澳洲穀飼梅花牛排,1,209,40,0,肉類,
北港民主店,一般,17:30:00,2025-08-17,星期日,晴天,32,一般,豬胸排骨切塊,1,105,40,0,肉類,
北港民主店,一般,17:30:00,2025-08-17,星期日,晴天,32,一般,豬背骨（熬湯用）,1,46,40,0,肉類,
中壢中原店,少,10:30:00,2025-08-21,星期四,晴天,34,少,澳洲穀飼牛五花火鍋肉片,2,148,20,0,肉類,
中壢中原店,少,10:30:00,2025-08-21,星期四,晴天,34,少,澳洲牛嫩腿心炒豬肉絲,1,104,20,0,肉類,
中壢中原店,少,10:30:00,2025-08-21,星期四,晴天,34,少,豬梅花火鍋片,1,94,20,0,肉類,
中壢中原店,少,10:30:00,2025-08-21,星期四,晴天,34,少,豬里肌火鍋片,2,98,20,0,肉類,
中壢中原店,少,10:30:00,2025-08-21,星期四,晴天,34,少,豬里肌火鍋片（解凍肉）,1,89,20,0,肉類,
中壢中原店,少,10:30:00,2025-08-21,星期四,晴天,34,少,美國無骨牛小排,1,193,20,0,肉類,
中壢中原店,少,10:30:00,2025-08-21,星期四,晴天,34,少,美國牛肩里肌炒肉片,1,127,20,0,肉類,
中壢中原店,少,10:30:00,2025-08-21,星期四,晴天,34,少,豬梅花炒肉片,1,88,20,0,肉類,
中壢中原店,少,10:30:00,2025-08-21,星期四,晴天,34,少,挪威薄鹽鯖魚切片,1,72,5,0,魚類,
中壢中原店,少,16:23:00,2025-08-24,星期日,晴天,33,少,鮮奶棒,1,35,40,0,其他,
中壢中原店,少,16:23:00,2025-08-24,星期日,晴天,33,少,貝果,1,30,40,0,蔬果類,
中壢中原店,少,16:23:00,2025-08-24,星期日,晴天,33,少,香土司,2,45,40,0,其他,
中壢中原店,少,16:23:00,2025-08-24,星期日,晴天,33,少,水豆腐,3,30,40,0,蔬果類,
中壢中原店,少,16:23:00,2025-08-24,星期日,晴天,33,少,白玉蘭花蚌,1,69,40,0,其他,
中壢中原店,少,16:23:00,2025-08-24,星期日,晴天,33,少,柳葉魚,1,69,40,0,魚類,
中壢中原店,少,16:23:00,2025-08-24,星期日,晴天,33,少,鯖魚切片,1,89,40,0,魚類,
中壢中原店,少,16:23:00,2025-08-24,星期日,晴天,33,少,無骨牛小排,1,225,40,0,肉類,
中壢中原店,少,16:23:00,2025-08-24,星期日,晴天,33,少,牛梅花火鍋,1,203,40,0,肉類,
中壢中原店,少,16:23:00,2025-08-24,星期日,晴天,33,少,五花肉,1,95,40,0,肉類,
中壢中原店,少,16:23:00,2025-08-24,星期日,晴天,33,少,無骨牛小排,1,241,40,0,肉類,
中壢中原店,少,16:23:00,2025-08-24,星期日,晴天,33,少,牛絞肉,1,114,40,0,肉類,
中壢中原店,少,11:20:00,2025-08-28,星期四,晴天,35,少,雞腿排肉切片,4,99,20,0,肉類,
中壢中原店,少,11:20:00,2025-08-28,星期四,晴天,35,少,雞嫩腿肉切丁,7,82,20,0,肉類,
中壢中原店,少,11:20:00,2025-08-28,星期四,晴天,35,少,豬五花火鍋 薄切肉片,4,81,20,0,肉類,
中壢中原店,少,11:20:00,2025-08-28,星期四,晴天,35,少,豬梅花火鍋 薄切肉片,3,93,20,0,肉類,
中壢中原店,少,11:20:00,2025-08-28,星期四,晴天,35,少,美國無骨牛小排,1,253,20,0,肉類,
中壢中原店,少,11:20:00,2025-08-28,星期四,晴天,35,少,美國牛里肌火鍋片,1,169,20,0,肉類,
中壢中原店,少,11:26:00,2025-09-06,星期六,陰天,34,少,土司,4,45,20,0,其他,
中壢中原店,少,11:26:00,2025-09-06,星期六,陰天,34,少,蘭堡,1,49,20,0,其他,
中壢中原店,少,11:26:00,2025-09-06,星期六,陰天,34,少,貝果,2,25,20,0,蔬果類,
中壢中原店,少,11:26:00,2025-09-06,星期六,陰天,34,少,巧克力蛋糕,1,32,20,0,麵包甜點類,
中壢中原店,少,11:26:00,2025-09-06,星期六,陰天,34,少,褒獎蛋糕,1,85,20,0,麵包甜點類,
中壢中原店,少,11:26:00,2025-09-06,星期六,陰天,34,少,船凍透,1,125,20,0,其他,
中壢中原店,少,11:26:00,2025-09-06,星期六,陰天,34,少,熟文蛤肉,1,50,20,0,肉類,
中壢中原店,少,11:26:00,2025-09-06,星期六,陰天,34,少,鯛魚片,1,119,20,0,魚類,
中壢中原店,少,11:26:00,2025-09-06,星期六,陰天,34,少,豬枝骨,1,60,20,0,肉類,
中壢中原店,少,11:26:00,2025-09-06,星期六,陰天,34,少,豆乾,1,45,20,0,蔬果類,
中壢中原店,少,11:26:00,2025-09-06,星期六,陰天,34,少,鮭魚,3,98,20,0,魚類,
中壢中原店,少,11:26:00,2025-09-06,星期六,陰天,34,少,無骨牛小排,1,240,20,0,肉類,
中壢中原店,少,11:26:00,2025-09-06,星期六,陰天,34,少,牛肩里肌,2,146,20,0,肉類,
中壢中原店,少,11:26:00,2025-09-06,星期六,陰天,34,少,豬胸,4,102,20,0,肉類,
中壢中原店,少,18：47,2025-09-09,禮拜二,晴天,32,少,日玉蘭花蚌,1,69,40,0,其他,
中壢環西店,多,17:40-18:05,2025-09-24,星期三,陰天,29,一般,小黃瓜,1,49,40,0,蔬果類,
中壢環西店,多,17:40-18:05,2025-09-24,星期三,陰天,29,一般,金針菇,3,38,40,0,蔬果類,
中壢環西店,多,17:40-18:05,2025-09-24,星期三,陰天,29,一般,青椒,2,59,40,0,蔬果類,
中壢環西店,多,17:40-18:05,2025-09-24,星期三,陰天,29,一般,澳洲牛肩里肌牛排,1,201,40,0,肉類,
中壢環西店,多,17:40-18:05,2025-09-24,星期三,陰天,29,一般,鮭魚,1,209,40,0,魚類,
中壢環西店,多,17:40-18:05,2025-09-24,星期三,陰天,29,一般,吐司,3,45,40,0,麵包甜點類,
中壢環西店,多,17:40-18:05,2025-09-24,星期三,陰天,29,一般,大黃瓜,1,42,40,0,蔬果類,
中壢環西店,多,17:40-18:05,2025-09-24,星期三,陰天,29,一般,櫛瓜,1,58,40,0,蔬果類,
中壢環西店,多,17:40-18:05,2025-09-24,星期三,陰天,29,一般,韓式魚板,2,68,40,0,魚類,
中壢環西店,多,17:40-18:05,2025-09-24,星期三,陰天,29,一般,刻花魷魚,1,86,40,0,魚類,
中壢環西店,多,17:40-18:05,2025-09-24,星期三,陰天,29,一般,鹽鯖魚切片,2,88,40,0,魚類,
中壢環西店,多,17:40-18:05,2025-09-24,星期三,陰天,29,一般,桂丁土雞二翅,1,92,40,0,肉類,
中壢環西店,多,16:30-16:50,2025-09-25,星期四,晴天,32,少,絲瓜,1,59,40,0,蔬果類,
中壢環西店,多,16:30-16:50,2025-09-25,星期四,晴天,32,少,新興梨,1,138,42,0,其他,
中壢環西店,多,16:30-16:50,2025-09-25,星期四,晴天,32,少,美國牛肩里肌火鍋片,1,134,40,0,肉類,
中壢環西店,多,16:30-16:50,2025-09-25,星期四,晴天,32,少,美國牛梅花火鍋肉,1,140,40,0,肉類,
中壢環西店,多,16:30-16:50,2025-09-25,星期四,晴天,32,少,台南虱目魚肚,2,99,40,0,魚類,
中壢環西店,多,16:30-16:50,2025-09-25,星期四,晴天,32,少,大比目魚切片,1,125,40,0,魚類,
中壢環西店,多,16:30-16:50,2025-09-25,星期四,晴天,32,少,台灣熟小卷,2,99,40,0,其他,
中壢環西店,多,16:30-16:50,2025-09-25,星期四,晴天,32,少,魷魚圈,2,68,40,0,魚類,
中壢環西店,多,16:30-16:50,2025-09-25,星期四,晴天,32,少,吐司,3,45,40,0,麵包甜點類,
中壢環西店,多,17:25-17:34,2025-09-26,星期五,陰天,27,多,有機金針菇,2,38,40,0,蔬果類,
中壢環西店,多,17:25-17:34,2025-09-26,星期五,陰天,27,多,地瓜葉,1,32,40,0,蔬果類,
中壢環西店,多,17:25-17:34,2025-09-26,星期五,陰天,27,多,小黃瓜,3,22,40,0,蔬果類,
中壢環西店,多,17:25-17:34,2025-09-26,星期五,陰天,27,多,大黃瓜,5,42,40,0,蔬果類,
中壢環西店,多,17:25-17:34,2025-09-26,星期五,陰天,27,多,櫛瓜,4,58,40,0,蔬果類,
中壢環西店,多,17:25-17:34,2025-09-26,星期五,陰天,27,多,九層塔,2,45,40,0,其他,
中壢環西店,多,17:25-17:34,2025-09-26,星期五,陰天,27,多,紅蘿蔔,1,31,40,0,其他,
中壢環西店,多,17:25-17:34,2025-09-26,星期五,陰天,27,多,青椒,3,68,40,0,蔬果類,
中壢環西店,多,17:25-17:34,2025-09-26,星期五,陰天,27,多,蚵白菜,1,45,70,0,蔬果類,
中壢環西店,多,17:25-17:34,2025-09-26,星期五,陰天,27,多,白精靈菇,4,55,40,0,蔬果類,
中壢環西店,多,17:25-17:34,2025-09-26,星期五,陰天,27,多,澳洲穀飼牛梅花牛排,1,172,20,0,肉類,
中壢環西店,多,17:25-17:34,2025-09-26,星期五,陰天,27,多,澳洲牛嫩腿心炒肉絲,1,108,40,0,肉類,
中壢環西店,多,17:25-17:34,2025-09-26,星期五,陰天,27,多,機嫩腿肉切丁,2,92,40,0,肉類,
中壢環西店,多,17:25-17:34,2025-09-26,星期五,陰天,27,多,香魚,5,88,40,0,魚類,
中壢環西店,多,17:25-17:34,2025-09-26,星期五,陰天,27,多,鮭魚頭,1,118,40,0,魚類,
中壢環西店,多,17:25-17:34,2025-09-26,星期五,陰天,27,多,草莓麵包,1,28,40,0,麵包甜點類,
中壢環西店,多,17:25-17:34,2025-09-26,星期五,陰天,27,多,吐司,4,45,40,0,麵包甜點類,
中壢環西店,多,17:25-17:34,2025-09-26,星期五,陰天,27,多,蒜米,15,79,40,0,其他,
中壢環西店,多,17:25-17:34,2025-09-26,星期五,陰天,27,多,文旦,10,85,60,0,其他,
中壢環西店,多,17:25-17:34,2025-09-26,星期五,陰天,27,多,香蕉,2,48,40,0,其他,
中壢環西店,多,17:25-17:34,2025-09-26,星期五,陰天,27,多,有機九層塔,1,38,60,0,其他,
中壢環西店,多,17:25-17:34,2025-09-26,星期五,陰天,27,多,南方澳吻仔魚,1,85,40,0,魚類,
中壢環西店,多,17:25-17:34,2025-09-26,星期五,陰天,27,多,船凍透抽,1,138,40,0,其他,
中壢環西店,多,17:25-17:34,2025-09-26,星期五,陰天,27,多,榛果巧克力風味生貝果,1,35,40,0,蔬果類,
中壢環西店,多,17:25-17:34,2025-09-26,星期五,陰天,27,多,草莓口袋吐司,1,29,40,0,麵包甜點類,
中壢環西店,多,17:25-17:34,2025-09-26,星期五,陰天,27,多,帕瑪森堡,2,39,40,0,其他,
中壢環西店,多,17:25-17:34,2025-09-26,星期五,陰天,27,多,蜂蜜蛋糕家庭號,1,89,40,0,麵包甜點類,
龍潭中正店,多,18:50:00,2025-09-26,星期五,晴天,30,多,豬白肉火鍋片,3,99,40,0,肉類,
龍潭中正店,多,18:50:00,2025-09-26,星期五,晴天,30,多,文昌雞切塊,1,169,40,0,肉類,
中壢中原店,少,14：11,2025-09-27,禮拜六,晴天,30,少,土司,3,45,20,0,其他,
中壢中原店,少,14：11,2025-09-27,禮拜六,晴天,30,少,貝果,1,30,20,0,蔬果類,
中壢中原店,少,14：11,2025-09-27,禮拜六,晴天,30,少,菠蘿包,3,35,20,0,其他,
中壢中原店,少,14：11,2025-09-27,禮拜六,晴天,30,少,水豆腐,1,30,20,0,蔬果類,
中壢中原店,少,14：11,2025-09-27,禮拜六,晴天,30,少,蛤蜊,1,75,20,0,魚類,
中壢中原店,少,14：11,2025-09-27,禮拜六,晴天,30,少,白蝦,2,169,20,0,魚類,
中壢中原店,少,14：11,2025-09-27,禮拜六,晴天,30,少,鮭魚頭,1,139,20,0,魚類,
中壢中原店,少,14：11,2025-09-27,禮拜六,晴天,30,少,風目魚肚,1,99,20,0,魚類,
中壢環西店,多,18:34-18:40,2025-10-01,星期三,晴天,29,一般,精緻繽紛水果盤,2,89,40,0,蔬果類,
中壢環西店,多,18:34-18:40,2025-10-01,星期三,晴天,29,一般,有機金針菇,8,38,40,0,蔬果類,
中壢環西店,多,18:34-18:40,2025-10-01,星期三,晴天,29,一般,有機絲瓜,11,59,40,0,蔬果類,
中壢環西店,多,18:34-18:40,2025-10-01,星期三,晴天,29,一般,香魚,1,88,40,0,魚類,
中壢環西店,多,18:34-18:40,2025-10-01,星期三,晴天,29,一般,吉比花生夾心麵包,2,35,40,0,麵包甜點類,
中壢環西店,多,18:34-18:40,2025-10-01,星期三,晴天,29,一般,花生波羅麵包,1,35,40,0,麵包甜點類,
中壢環西店,多,18:34-18:40,2025-10-01,星期三,晴天,29,一般,餐包捲,1,49,40,0,其他,
中壢環西店,多,18:34-18:40,2025-10-01,星期三,晴天,29,一般,小農鮮奶吐司,1,65,40,0,麵包甜點類,
中壢環西店,多,19:33-19:37,2025-10-02,星期四,晴天,28,一般,株梅花蘆筍捲,2,165,40,0,蔬果類,
中壢環西店,多,19:33-19:37,2025-10-02,星期四,晴天,28,一般,去骨鴨腿,3,99,40,0,肉類,
中壢環西店,多,19:33-19:37,2025-10-02,星期四,晴天,28,一般,魷魚串(燒烤),1,129,40,0,魚類,
中壢環西店,多,19:33-19:37,2025-10-02,星期四,晴天,28,一般,冷藏生鮭魚頭,1,102,40,0,魚類,
中壢環西店,多,19:33-19:37,2025-10-02,星期四,晴天,28,一般,三明治吐司,1,42,40,0,麵包甜點類,
中壢環西店,多,19:33-19:37,2025-10-02,星期四,晴天,28,一般,花生波羅麵包,1,35,40,0,麵包甜點類,
中壢中原店,少,12:3-12:35,2025-10-02,星期四,晴天,30,少,鹽麴去骨雞腿排,1,75,20,0,肉類,
中壢中原店,少,17:08:00,2025-10-03,禮拜五,晴天,29,一般,三角豆腐,1,43,20,0,蔬果類,
中壢中原店,少,17:08:00,2025-10-03,禮拜五,晴天,29,一般,花枝丸,1,78,20,0,魚類,
中壢中原店,少,17:08:00,2025-10-03,禮拜五,晴天,29,一般,打白蝦,2,169,20,0,魚類,
中壢中原店,少,17:08:00,2025-10-03,禮拜五,晴天,29,一般,目魚聊,1,99,40,0,魚類,
中壢中原店,少,17:08:00,2025-10-03,禮拜五,晴天,29,一般,目魚肚,1,128,20,0,魚類,
中壢中原店,少,17:08:00,2025-10-03,禮拜五,晴天,29,一般,餃子皮,2,35,40,0,熟食/其他,
龍潭中正店,多,20:00:00,2025-10-05,星期日,晴天,27,一般,冷藏美國牛絞肉,1,111,40,0,肉類,
愛買 桃園店,多,20:50-21:00,2025-03-23,星期日,晴天,18,少,豬小排,2,212,25,2,肉類,
愛買 桃園店,多,20:50-21:00,2025-03-23,星期日,晴天,18,少,青江菜,7,25,12,3,蔬果類,
愛買 桃園店,多,20:40-21:00,2025-03-29,星期六,陰天,14,少,豬絞肉,1,153,22,2,肉類,
愛買 桃園店,多,20:40-21:00,2025-03-29,星期六,陰天,14,少,葡式蛋塔,2,95,21,3,麵包甜點類,
愛買 桃園店,多,20:40-21:00,2025-03-29,星期六,陰天,14,少,包心白菜,3,39,51,0,蔬果類,
愛買 桃園店,多,20:40-21:00,2025-03-29,星期六,陰天,14,少,富士蘋果,1,54,35,0,蔬果類,
愛買 桃園店,多,20:40-21:00,2025-03-29,星期六,陰天,14,少,有機韭菜,1,49,41,0,蔬果類,
愛買 桃園店,多,20:40-21:00,2025-03-29,星期六,陰天,14,少,智利黑葡萄,5,73,33,0,其他,
愛買 桃園店,多,20:40-21:00,2025-03-29,星期六,陰天,14,少,杏鮑菇,1,45,40,0,蔬果類,
愛買 桃園店,多,16:40-17:00,2025-04-03,星期四,晴天,21,一般,國產清雞胸肉,1,205,27,1,肉類,
愛買 桃園店,多,16:40-17:00,2025-04-03,星期四,晴天,21,一般,國產二節翅,2,131,40,1,其他,
愛買 桃園店,多,16:40-17:00,2025-04-03,星期四,晴天,21,一般,豬小排,1,196,26,1,肉類,
愛買 桃園店,多,16:40-17:00,2025-04-03,星期四,晴天,21,一般,豬五花肉片,1,163,31,1,肉類,
愛買 桃園店,多,16:40-17:00,2025-04-03,星期四,晴天,21,一般,葡式蛋塔,4,100,5,3,麵包甜點類,
愛買 桃園店,多,16:40-17:00,2025-04-03,星期四,晴天,21,一般,智利富士蘋果/3顆,2,74,7,0,蔬果類,
愛買 桃園店,多,16:40-17:00,2025-04-03,星期四,晴天,21,一般,杏鮑菇,1,105,44,0,蔬果類,
愛買 桃園店,多,16:40-17:00,2025-04-03,星期四,晴天,21,一般,青花菜,16,59,17,0,蔬果類,
愛買 桃園店,多,16:40-17:00,2025-04-03,星期四,晴天,21,一般,玉米兩條,5,42,40,0,其他,
愛買 桃園店,多,16:40-17:00,2025-04-03,星期四,晴天,21,一般,奇異果 五粒,3,89,45,0,蔬果類,
愛買 桃園店,多,16:30-17:00,2025-04-23,星期三,陰天,25,少,國產雞清胸肉,6,199,28,1,肉類,
愛買 桃園店,多,16:30-17:00,2025-04-23,星期三,陰天,25,少,國產二節翅,2,164,30,1,其他,
愛買 桃園店,多,16:30-17:00,2025-04-23,星期三,陰天,25,少,美國特選骰子牛排,1,203,25,1,肉類,
愛買 桃園店,多,16:30-17:00,2025-04-23,星期三,陰天,25,少,台灣珍豬豬肉絲,4,113,22,1,肉類,
愛買 桃園店,多,16:30-17:00,2025-04-23,星期三,陰天,25,少,板腱牛排,2,265,19,1,肉類,
愛買 桃園店,多,16:30-17:00,2025-04-23,星期三,陰天,25,少,鮮奶吐司,3,69,14,2,麵包甜點類,
愛買 桃園店,多,16:30-17:00,2025-04-23,星期三,陰天,25,少,葡式蛋塔(四個),4,100,5,2,麵包甜點類,
愛買 桃園店,多,16:30-17:00,2025-04-23,星期三,陰天,25,少,金針菇,1,14,36,0,蔬果類,
愛買 桃園店,多,16:30-17:00,2025-04-23,星期三,陰天,25,少,鴻喜菇,1,33,42,0,蔬果類,
愛買 桃園店,多,16:30-17:00,2025-04-23,星期三,陰天,25,少,智利黑葡萄,6,121,31,0,其他,
愛買 桃園店,多,16:30-17:00,2025-04-23,星期三,陰天,25,少,芭樂 三粒,2,106,20,0,蔬果類,
愛買 桃園店,多,16:30-17:00,2025-04-23,星期三,陰天,25,少,菠菜,3,39,36,0,蔬果類,
愛買 桃園店,多,16:30-17:00,2025-04-23,星期三,陰天,25,少,水蓮,4,45,56,0,其他,
愛買 桃園店,多,16:30-17:00,2025-04-23,星期三,陰天,25,少,有機青松菜,6,39,36,0,蔬果類,
愛買 桃園店,多,17:30:00,2025-07-07,星期一,陰天,29,一般,台灣珍豬豬肉絲,4,205,20,1,肉類,
愛買 桃園店,多,17:30:00,2025-07-07,星期一,陰天,29,一般,台灣里肌火鍋片,3,123,20,1,肉類,
愛買 桃園店,多,17:30:00,2025-07-07,星期一,陰天,29,一般,澳洲牛筋膜,3,149,20,1,肉類,
愛買 桃園店,多,17:30:00,2025-07-07,星期一,陰天,29,一般,葡式蛋塔,2,100,5,2,麵包甜點類,
愛買 桃園店,多,17:30:00,2025-07-07,星期一,陰天,29,一般,高麗菜,7,79,38,0,蔬果類,
愛買 桃園店,多,17:30:00,2025-07-07,星期一,陰天,29,一般,芭樂 三粒,3,139,43,0,蔬果類,
愛買 桃園店,多,17:30:00,2025-07-07,星期一,陰天,29,一般,空心菜,3,39,51,0,蔬果類,
愛買 桃園店,多,17:30:00,2025-07-07,星期一,陰天,29,一般,玉米筍,2,29,48,0,蔬果類,
愛買 桃園店,多,15:00:00,2025-07-11,星期五,陰天,28,少,葡式蛋塔,6,100,5,3,麵包甜點類,
愛買 桃園店,多,15:00:00,2025-07-11,星期五,陰天,28,少,高麗菜,3,79,25,0,蔬果類,
愛買 桃園店,多,15:00:00,2025-07-11,星期五,陰天,28,少,金針菇,1,12,33,0,蔬果類,
愛買 桃園店,多,15:00:00,2025-07-11,星期五,陰天,28,少,富士蘋果/3顆,3,74,39,0,蔬果類,
愛買 桃園店,多,15:00:00,2025-07-11,星期五,陰天,28,少,玉米兩條,1,65,40,0,其他,
愛買 桃園店,多,15:00:00,2025-07-11,星期五,陰天,28,少,萵苣,3,38,50,0,其他,
愛買 桃園店,多,15：00,2025-07-14,星期一,晴天,32,少,葡式蛋塔,6,100,5,3,麵包甜點類,
愛買 桃園店,多,15：00,2025-07-14,星期一,晴天,32,少,高麗菜,5,89,34,0,蔬果類,
愛買 桃園店,多,15：00,2025-07-14,星期一,晴天,32,少,智利富士蘋果/3顆,2,74,34,0,蔬果類,
愛買 桃園店,多,15：00,2025-07-14,星期一,晴天,32,少,杏鮑菇,4,105,34,1,蔬果類,
愛買 桃園店,多,11:30-12:00,2025-07-24,星期四,晴天,30,少,高麗菜,1,89,34,0,蔬果類,
愛買 桃園店,多,11:30-12:00,2025-07-24,星期四,晴天,30,少,智利富士蘋果/3顆,1,67,33,0,蔬果類,
愛買 桃園店,多,11:30-12:00,2025-07-24,星期四,晴天,30,少,玉米兩條,7,59,41,0,其他,
愛買 桃園店,多,11:30-12:00,2025-07-24,星期四,晴天,30,少,芭樂 三粒,11,67,33,0,蔬果類,
愛買 桃園店,多,11:30-12:00,2025-07-24,星期四,晴天,30,少,水蓮,2,39,36,0,其他,
愛買 桃園店,多,11:30-12:00,2025-07-24,星期四,晴天,30,少,玉米筍,1,29,31,0,蔬果類,
愛買 桃園店,多,11:30-12:00,2025-07-24,星期四,晴天,30,少,酪梨,1,101,22,0,其他,
愛買 桃園店,多,18:00-18:30,2025-08-01,星期五,雨天,29,一般,澳洲牛筋膜,1,88,20,1,肉類,
愛買 桃園店,多,18:00-18:30,2025-08-01,星期五,雨天,29,一般,豬梅花火鍋片,2,169,20,1,肉類,
愛買 桃園店,多,18:00-18:30,2025-08-01,星期五,雨天,29,一般,豬里肌可肉片,2,118,20,1,肉類,
愛買 桃園店,多,18:00-18:30,2025-08-01,星期五,雨天,29,一般,台灣珍豬豬絞肉,1,142,20,1,肉類,
愛買 桃園店,多,18:00-18:30,2025-08-01,星期五,雨天,29,一般,豬梅花肉,1,213,20,1,肉類,
愛買 桃園店,多,18:00-18:30,2025-08-01,星期五,雨天,29,一般,翅小腿,1,133,20,1,肉類,
愛買 桃園店,多,18:00-18:30,2025-08-01,星期五,雨天,29,一般,葡式蛋塔,8,100,5,2,麵包甜點類,
愛買 桃園店,多,18:00-18:30,2025-08-01,星期五,雨天,29,一般,青花菜,1,89,45,0,蔬果類,
愛買 桃園店,多,18:00-18:30,2025-08-01,星期五,雨天,29,一般,芭樂 三粒,4,41,39,0,蔬果類,
愛買 桃園店,多,18:00-18:30,2025-08-01,星期五,雨天,29,一般,火龍果 2粒,1,50,42,0,蔬果類,
愛買 桃園店,多,18:00-18:30,2025-08-02,星期六,晴天,29,多,豬小排,1,174,20,2,肉類,
愛買 桃園店,多,18:00-18:30,2025-08-02,星期六,晴天,29,多,帶皮五花肉,2,232,20,2,肉類,
愛買 桃園店,多,18:00-18:30,2025-08-02,星期六,晴天,29,多,豬梅花肉,1,146,21,2,肉類,
愛買 桃園店,多,18:00-18:30,2025-08-02,星期六,晴天,29,多,葡式蛋塔,2,100,5,3,麵包甜點類,
愛買 桃園店,多,18:00-18:30,2025-08-02,星期六,晴天,29,多,芭樂 三粒,4,41,39,0,蔬果類,
愛買 桃園店,多,18:00-18:30,2025-08-02,星期六,晴天,29,多,芹菜,1,72,46,0,蔬果類,
愛買 桃園店,多,18:00-18:30,2025-08-02,星期六,晴天,29,多,絲瓜,4,69,35,0,蔬果類,
愛買 桃園店,多,18:00-18:30,2025-08-02,星期六,晴天,29,多,筊白筍,3,119,50,0,蔬果類,
愛買 桃園店,多,18:00-18:30,2025-08-02,星期六,晴天,29,多,青椒,1,62,60,0,蔬果類,
愛買 桃園店,多,18:30-19:00,2025-08-07,星期四,晴天,30,少,珍豬雪花肉,2,242,20,1,肉類,
愛買 桃園店,多,18:30-19:00,2025-08-07,星期四,晴天,30,少,豬梅花火鍋片,2,142,20,1,肉類,
愛買 桃園店,多,18:30-19:00,2025-08-07,星期四,晴天,30,少,豬里肌烤肉片,4,132,20,1,肉類,
愛買 桃園店,多,18:30-19:00,2025-08-07,星期四,晴天,30,少,台灣珍豬豬絞肉,1,178,20,1,肉類,
愛買 桃園店,多,18:30-19:00,2025-08-07,星期四,晴天,30,少,去皮五花肉,1,163,50,1,肉類,
愛買 桃園店,多,18:30-19:00,2025-08-07,星期四,晴天,30,少,帶皮五花肉,2,293,20,1,肉類,
愛買 桃園店,多,18:30-19:00,2025-08-07,星期四,晴天,30,少,澳洲牛肉塊,2,211,20,1,肉類,
愛買 桃園店,多,18:30-19:00,2025-08-07,星期四,晴天,30,少,葡式蛋塔,6,100,5,3,麵包甜點類,
愛買 桃園店,多,18:30-19:00,2025-08-07,星期四,晴天,30,少,絲瓜,1,69,49,0,蔬果類,
愛買 桃園店,多,18:30-19:00,2025-08-07,星期四,晴天,30,少,玉女蕃茄,7,99,61,0,其他,
愛買 桃園店,多,18:30-19:00,2025-08-12,星期二,晴天,29,少,澳洲牛筋膜,1,121,21,1,肉類,
愛買 桃園店,多,18:30-19:00,2025-08-12,星期二,晴天,29,少,豬里肌烤肉片,4,122,20,1,肉類,
愛買 桃園店,多,18:30-19:00,2025-08-12,星期二,晴天,29,少,帶皮五花肉,4,174,20,1,肉類,
愛買 桃園店,多,18:30-19:00,2025-08-12,星期二,晴天,29,少,里肌豬肉排,1,128,20,1,肉類,
愛買 桃園店,多,18:30-19:00,2025-08-12,星期二,晴天,29,少,葡式蛋塔,2,100,1,3,麵包甜點類,
愛買 桃園店,多,18:30-19:00,2025-08-12,星期二,晴天,29,少,高麗菜,1,79,38,0,蔬果類,
愛買 桃園店,多,18:30-19:00,2025-08-12,星期二,晴天,29,少,玉米兩條,2,75,35,0,其他,
愛買 桃園店,多,18:30-19:00,2025-08-12,星期二,晴天,29,少,芹菜,5,80,51,0,蔬果類,
愛買 桃園店,多,18:30-19:00,2025-08-12,星期二,晴天,29,少,蚵白菜,3,39,51,0,蔬果類,
愛買 桃園店,多,18:30-19:00,2025-08-14,星期四,晴天,31,少,台灣里肌火鍋片,1,116,21,1,肉類,
愛買 桃園店,多,18:30-19:00,2025-08-14,星期四,晴天,31,少,豬小排,1,140,20,1,肉類,
愛買 桃園店,多,18:30-19:00,2025-08-14,星期四,晴天,31,少,豬里肌烤肉片,2,125,20,1,肉類,
愛買 桃園店,多,18:30-19:00,2025-08-14,星期四,晴天,31,少,珍豬軟骨,2,138,20,1,肉類,
愛買 桃園店,多,18:30-19:00,2025-08-14,星期四,晴天,31,少,帶皮五花肉,1,198,20,1,肉類,
愛買 桃園店,多,18:30-19:00,2025-08-14,星期四,晴天,31,少,里肌豬肉排,4,142,20,1,肉類,
愛買 桃園店,多,18:30-19:00,2025-08-14,星期四,晴天,31,少,去骨清雞腿肉,2,80,20,1,肉類,
愛買 桃園店,多,18:30-19:00,2025-08-14,星期四,晴天,31,少,金針菇,4,13,38,0,蔬果類,
愛買 桃園店,多,18:30-19:00,2025-08-14,星期四,晴天,31,少,水蓮,1,55,47,0,其他,
愛買 桃園店,多,18:30-19:00,2025-08-14,星期四,晴天,31,少,大蒜,1,159,38,0,其他,
愛買 桃園店,多,17:00-17:30,2025-08-24,星期日,晴天,33,多,豬後腱,3,208,20,1,肉類,
愛買 桃園店,多,17:00-17:30,2025-08-24,星期日,晴天,33,多,豬梅花火鍋片,6,131,21,1,肉類,
愛買 桃園店,多,17:00-17:30,2025-08-24,星期日,晴天,33,多,豬梅花烤肉片,3,132,20,1,肉類,
愛買 桃園店,多,17:00-17:30,2025-08-24,星期日,晴天,33,多,去皮五花肉,2,139,20,1,肉類,
愛買 桃園店,多,17:00-17:30,2025-08-24,星期日,晴天,33,多,澳洲特級牛炒肉片,2,151,21,1,肉類,
愛買 桃園店,多,17:00-17:30,2025-08-24,星期日,晴天,33,多,里肌豬肉排,1,158,20,1,肉類,
愛買 桃園店,多,17:00-17:30,2025-08-24,星期日,晴天,33,多,翅小腿,4,131,21,1,肉類,
愛買 桃園店,多,17:00-17:30,2025-08-24,星期日,晴天,33,多,雞胗,2,108,20,1,肉類,
愛買 桃園店,多,17:00-17:30,2025-08-24,星期日,晴天,33,多,絲瓜,2,79,51,0,蔬果類,
愛買 桃園店,多,17:00-17:30,2025-08-24,星期日,晴天,33,多,青蔥,5,80,39,0,蔬果類,
愛買 桃園店,多,18:00-18:30,2025-08-26,星期二,晴天,30,少,豬梅花烤肉片,1,162,20,1,肉類,
愛買 桃園店,多,18:00-18:30,2025-08-26,星期二,晴天,30,少,豬里肌烤肉片,2,139,20,1,肉類,
愛買 桃園店,多,18:00-18:30,2025-08-26,星期二,晴天,30,少,帶皮五花肉,1,214,20,1,肉類,
愛買 桃園店,多,18:00-18:30,2025-08-26,星期二,晴天,30,少,里肌豬肉排,1,170,20,1,肉類,
愛買 桃園店,多,18:00-18:30,2025-08-26,星期二,晴天,30,少,二節翅,1,108,20,1,其他,
愛買 桃園店,多,18:00-18:30,2025-08-26,星期二,晴天,30,少,雞胗,3,98,20,1,肉類,
愛買 桃園店,多,18:00-18:30,2025-08-26,星期二,晴天,30,少,雞心,4,80,20,1,肉類,
愛買 桃園店,多,18:00-18:30,2025-08-26,星期二,晴天,30,少,牛雪花肉片,1,210,24,1,肉類,
愛買 桃園店,多,18:00-18:30,2025-08-26,星期二,晴天,30,少,芭樂 三粒,1,41,39,0,蔬果類,
愛買 桃園店,多,18:00-18:30,2025-08-26,星期二,晴天,30,少,地瓜葉,3,42,52,0,蔬果類,
愛買 桃園店,多,18:00-18:30,2025-08-26,星期二,晴天,30,少,白蘿蔔,2,35,29,0,其他,
愛買 桃園店,多,18:00-1830,2025-08-28,星期四,晴天,31,少,豬小排,4,168,20,1,肉類,
愛買 桃園店,多,18:00-1830,2025-08-28,星期四,晴天,31,少,豬後腱,3,177,20,1,肉類,
愛買 桃園店,多,18:00-1830,2025-08-28,星期四,晴天,31,少,豬梅花火鍋片,3,125,20,1,肉類,
愛買 桃園店,多,18:00-1830,2025-08-28,星期四,晴天,31,少,帶皮五花肉,3,180,20,1,肉類,
愛買 桃園店,多,18:00-1830,2025-08-28,星期四,晴天,31,少,里肌豬肉排,1,138,20,1,肉類,
愛買 桃園店,多,18:00-1830,2025-08-28,星期四,晴天,31,少,豬梅花肉,4,208,20,1,肉類,
愛買 桃園店,多,18:00-1830,2025-08-28,星期四,晴天,31,少,翅小腿,1,160,20,1,肉類,
愛買 桃園店,多,18:00-1830,2025-08-28,星期四,晴天,31,少,牛雪花燒烤片,4,257,20,1,肉類,
愛買 桃園店,多,18:00-1830,2025-08-28,星期四,晴天,31,少,豬五花肉片,1,106,21,1,肉類,
愛買 桃園店,多,18:00-1830,2025-08-28,星期四,晴天,31,少,葡式蛋塔,2,100,5,2,麵包甜點類,
愛買 桃園店,多,18:00-1830,2025-08-29,星期五,晴天,31,一般,豬小排,3,211,30,1,肉類,
愛買 桃園店,多,18:00-1830,2025-08-29,星期五,晴天,31,一般,豬梅花火鍋片,1,131,31,1,肉類,
愛買 桃園店,多,18:00-1830,2025-08-29,星期五,晴天,31,一般,豬里肌烤肉片,8,133,30,1,肉類,
愛買 桃園店,多,18:00-1830,2025-08-29,星期五,晴天,31,一般,台灣珍豬豬絞肉,1,106,30,1,肉類,
愛買 桃園店,多,18:00-1830,2025-08-29,星期五,晴天,31,一般,台糖里肌豬肉排,2,161,30,1,肉類,
愛買 桃園店,多,18:00-1830,2025-08-29,星期五,晴天,31,一般,翅小腿,1,156,30,1,肉類,
愛買 桃園店,多,18:00-1830,2025-08-29,星期五,晴天,31,一般,二節翅,1,92,30,1,其他,
愛買 桃園店,多,18:00-1830,2025-08-29,星期五,晴天,31,一般,雞胗,3,58,31,1,肉類,
愛買 桃園店,多,18:00-1830,2025-08-29,星期五,晴天,31,一般,葡式蛋塔,4,100,25,2,麵包甜點類,
愛買 桃園店,多,18:00-1830,2025-08-29,星期五,晴天,31,一般,莧菜,1,42,52,0,蔬果類,
愛買 桃園店,多,18:00-1830,2025-08-29,星期五,晴天,31,一般,玉米筍,3,33,42,0,蔬果類,
愛買 桃園店,多,18:00-1830,2025-08-29,星期五,晴天,31,一般,櫛瓜,1,150,47,0,蔬果類,
愛買 桃園店,多,18:00-1830,2025-09-10,星期三,晴天,29,少,豬後腱,4,139,30,1,肉類,
愛買 桃園店,多,18:00-1830,2025-09-10,星期三,晴天,29,少,去皮五花肉,3,137,31,1,肉類,
愛買 桃園店,多,18:00-1830,2025-09-10,星期三,晴天,29,少,珍豬軟骨,2,115,30,1,肉類,
愛買 桃園店,多,18:00-1830,2025-09-10,星期三,晴天,29,少,去骨清雞腿肉,2,115,30,1,肉類,
愛買 桃園店,多,18:00-1830,2025-09-10,星期三,晴天,29,少,翅小腿,1,124,31,1,肉類,
愛買 桃園店,多,18:00-1830,2025-09-10,星期三,晴天,29,少,葡式蛋塔,4,100,5,2,麵包甜點類,
愛買 桃園店,多,18:00-1830,2025-09-10,星期三,晴天,29,少,高麗菜,2,79,43,0,蔬果類,
愛買 桃園店,多,18:00-1830,2025-09-10,星期三,晴天,29,少,絲瓜,2,59,49,0,蔬果類,
愛買 桃園店,多,18:00-1830,2025-09-10,星期三,晴天,29,少,筊白筍,1,99,40,0,蔬果類,
愛買 桃園店,多,18:00-1830,2025-09-10,星期三,晴天,29,少,小松菜,3,39,62,0,蔬果類,
愛買 桃園店,多,17:30-18:00,2025-09-22,星期一,雨天,28,少,葡式蛋塔,8,100,25,2,麵包甜點類,
愛買 桃園店,多,17:30-18:00,2025-09-22,星期一,雨天,28,少,冷藏肉國產棒棒腿,1,176,30,1,肉類,
愛買 桃園店,多,17:30-18:00,2025-09-22,星期一,雨天,28,少,雞小里肌肉,2,112,30,1,肉類,
愛買 桃園店,多,17:30-18:00,2025-09-22,星期一,雨天,28,少,雞尾錐,2,102,30,1,肉類,
愛買 桃園店,多,17:30-18:00,2025-09-22,星期一,雨天,28,少,台灣土雞雞爪,2,114,31,1,肉類,
愛買 桃園店,多,17:30-18:00,2025-09-22,星期一,雨天,28,少,豬小排,3,150,30,1,肉類,
愛買 桃園店,多,17:30-18:00,2025-09-22,星期一,雨天,28,少,帶皮五花肉,3,252,30,1,肉類,
愛買 桃園店,多,17:30-18:00,2025-09-22,星期一,雨天,28,少,杏鮑菇,1,65,25,0,蔬果類,
愛買 桃園店,多,17:30-18:00,2025-09-22,星期一,雨天,28,少,金針菇,2,15,40,0,蔬果類,
愛買 桃園店,多,17:30-18:00,2025-09-22,星期一,雨天,28,少,中國白蘿蔔,2,35,46,0,其他,
愛買 桃園店,多,17:30-18:00,2025-09-22,星期一,雨天,28,少,台灣胡瓜,5,49,41,0,蔬果類,
愛買 桃園店,多,17:30-18:00,2025-09-22,星期一,雨天,28,少,有機黑葉白菜,6,39,51,0,蔬果類,
愛買 桃園店,多,17:30-18:00,2025-09-22,星期一,雨天,28,少,芭樂 三粒,6,61,30,0,蔬果類,
愛買 桃園店,多,17:30-18:00,2025-09-22,星期一,雨天,28,少,水蓮,1,45,36,0,其他,
愛買 桃園店,多,20:00-20:30,2025-09-23,星期二,雨天,28,少,葡式蛋塔,8,100,25,2,麵包甜點類,
愛買 桃園店,多,20:00-20:30,2025-09-23,星期二,雨天,28,少,雞尾錐,3,90,30,1,肉類,
愛買 桃園店,多,20:00-20:30,2025-09-23,星期二,雨天,28,少,豬里肌烤肉片,1,128,30,1,肉類,
愛買 桃園店,多,20:00-20:30,2025-09-23,星期二,雨天,28,少,台灣珍豬豬肉絲,1,89,30,1,肉類,
愛買 桃園店,多,20:00-20:30,2025-09-23,星期二,雨天,28,少,里肌豬肉排,1,163,30,1,肉類,
愛買 桃園店,多,20:00-20:30,2025-09-23,星期二,雨天,28,少,澳洲牛肉塊,2,160,30,1,肉類,
愛買 桃園店,多,20:00-20:30,2025-09-23,星期二,雨天,28,少,金針菇,1,15,40,0,蔬果類,
愛買 桃園店,多,20:00-20:30,2025-09-23,星期二,雨天,28,少,有機黑葉白菜,5,39,62,0,蔬果類,
愛買 桃園店,多,20:00-20:30,2025-09-23,星期二,雨天,28,少,有機蚵白菜,5,39,36,0,蔬果類,
愛買 桃園店,多,20:00-20:30,2025-09-23,星期二,雨天,28,少,有機小白菜,5,39,62,0,蔬果類,
愛買 桃園店,多,20:00-20:30,2025-09-23,星期二,雨天,28,少,小黃瓜,1,42,40,0,蔬果類,
愛買 桃園店,多,20:00-20:30,2025-09-23,星期二,雨天,28,少,芭樂,10,63,44,0,蔬果類,
愛買 桃園店,多,20:00-20:30,2025-09-23,星期二,雨天,28,少,梨山香梨,2,129,39,0,其他,
愛買 桃園店,多,20:00-20:30,2025-09-23,星期二,雨天,28,少,百香果,3,129,39,0,蔬果類,
愛買 桃園店,多,20:00-20:30,2025-09-23,星期二,雨天,28,少,奇異果,2,159,31,0,蔬果類,
愛買 桃園店,多,18:00-18:30,2025-09-24,星期三,晴天,29,少,葡式蛋塔,4,100,5,2,麵包甜點類,
愛買 桃園店,多,18:00-18:30,2025-09-24,星期三,晴天,29,少,雞清胸肉,1,60,30,1,肉類,
愛買 桃園店,多,18:00-18:30,2025-09-24,星期三,晴天,29,少,翅小腿,2,174,30,1,肉類,
愛買 桃園店,多,18:00-18:30,2025-09-24,星期三,晴天,29,少,雞小里肌肉,1,160,30,1,肉類,
愛買 桃園店,多,18:00-18:30,2025-09-24,星期三,晴天,29,少,雞胗,3,93,30,1,肉類,
愛買 桃園店,多,18:00-18:30,2025-09-24,星期三,晴天,29,少,國產二節翅,1,117,31,1,其他,
愛買 桃園店,多,18:00-18:30,2025-09-24,星期三,晴天,29,少,豬小排,2,198,30,1,肉類,
愛買 桃園店,多,18:00-18:30,2025-09-24,星期三,晴天,29,少,豬梅花烤肉片,4,159,30,1,肉類,
愛買 桃園店,多,18:00-18:30,2025-09-24,星期三,晴天,29,少,豬里肌烤肉片,5,144,31,1,肉類,
愛買 桃園店,多,18:00-18:30,2025-09-24,星期三,晴天,29,少,去皮五花肉,2,231,30,1,肉類,
愛買 桃園店,多,18:00-18:30,2025-09-24,星期三,晴天,29,少,帶皮五花肉,2,230,30,1,肉類,
愛買 桃園店,多,18:00-18:30,2025-09-24,星期三,晴天,29,少,豬後腱,2,211,30,1,肉類,
愛買 桃園店,多,18:00-18:30,2025-09-24,星期三,晴天,29,少,豬梅花肉,1,226,30,1,肉類,
愛買 桃園店,多,18:00-18:30,2025-09-24,星期三,晴天,29,少,澳洲牛炒肉絲,4,113,30,1,肉類,
愛買 桃園店,多,18:00-18:30,2025-09-24,星期三,晴天,29,少,澳洲牛筋膜,1,134,31,1,肉類,
愛買 桃園店,多,18:00-18:30,2025-09-24,星期三,晴天,29,少,雪白菇,1,33,42,0,蔬果類,
愛買 桃園店,多,18:00-18:30,2025-09-24,星期三,晴天,29,少,金針菇,2,15,33,0,蔬果類,
愛買 桃園店,多,18:00-18:30,2025-09-24,星期三,晴天,29,少,水蓮,1,52,33,0,其他,
愛買 桃園店,多,18:00-18:30,2025-09-24,星期三,晴天,29,少,花椰菜,2,99,30,0,蔬果類,
愛買 桃園店,多,18:00-18:30,2025-09-24,星期三,晴天,29,少,有機黑葉白菜,15,35,57,0,蔬果類,
愛買 桃園店,多,18:00-18:30,2025-09-24,星期三,晴天,29,少,有機地瓜葉,2,39,62,0,蔬果類,
愛買 桃園店,多,18:00-18:30,2025-09-24,星期三,晴天,29,少,有機小松菜,1,42,40,0,蔬果類,
愛買 桃園店,多,18:00-18:30,2025-09-24,星期三,晴天,29,少,絲瓜,1,75,35,0,蔬果類,
愛買 桃園店,多,18:00-18:30,2025-09-24,星期三,晴天,29,少,筊白筍,1,99,30,0,蔬果類,
愛買 桃園店,多,18:00-18:30,2025-09-24,星期三,晴天,29,少,百香果,4,129,39,0,蔬果類,
愛買 桃園店,多,18:00-18:30,2025-09-24,星期三,晴天,29,少,檸檬,1,72,32,0,其他,
愛買 桃園店,多,18:00-18:30,2025-09-24,星期三,晴天,29,少,麝香葡萄,2,269,30,0,其他,
愛買 桃園店,多,18:00-18:30,2025-09-24,星期三,晴天,29,少,文旦,2,79,25,0,其他,
愛買 桃園店,多,18:00-18:30,2025-09-24,星期三,晴天,29,少,美國芹菜,4,89,49,0,蔬果類,
愛買 桃園店,多,19:00-19:30,2025-09-25,星期四,晴天,29,少,葡式蛋塔,7,100,25,2,麵包甜點類,
愛買 桃園店,多,19:00-19:30,2025-09-25,星期四,晴天,29,少,雞胗,1,92,30,1,肉類,
愛買 桃園店,多,19:00-19:30,2025-09-25,星期四,晴天,29,少,雞心,1,102,30,1,肉類,
愛買 桃園店,多,19:00-19:30,2025-09-25,星期四,晴天,29,少,台灣土雞雞爪,1,112,30,1,肉類,
愛買 桃園店,多,19:00-19:30,2025-09-25,星期四,晴天,29,少,豬梅花火鍋片,2,165,30,1,肉類,
愛買 桃園店,多,19:00-19:30,2025-09-25,星期四,晴天,29,少,豬里肌烤肉片,5,128,30,1,肉類,
愛買 桃園店,多,19:00-19:30,2025-09-25,星期四,晴天,29,少,去皮五花肉,2,165,30,1,肉類,
愛買 桃園店,多,19:00-19:30,2025-09-25,星期四,晴天,29,少,附皮五花肉條,2,275,30,1,肉類,
愛買 桃園店,多,19:00-19:30,2025-09-25,星期四,晴天,29,少,金針菇,2,15,33,0,蔬果類,
愛買 桃園店,多,19:00-19:30,2025-09-25,星期四,晴天,29,少,有機黑葉白菜,8,35,57,0,蔬果類,
愛買 桃園店,多,19:00-19:30,2025-09-25,星期四,晴天,29,少,小黃瓜,1,47,47,0,蔬果類,
愛買 桃園店,多,19:00-19:30,2025-09-25,星期四,晴天,29,少,酪梨,2,74,34,0,其他,
愛買 桃園店,多,19:00-19:30,2025-09-25,星期四,晴天,29,少,百香果,1,129,39,0,蔬果類,
愛買 桃園店,多,19:00-19:30,2025-09-25,星期四,晴天,29,少,檸檬,1,72,32,0,其他,
愛買 桃園店,多,19:00-19:30,2025-09-25,星期四,晴天,29,少,奇異果,1,159,31,0,蔬果類,
愛買 桃園店,多,19:00-19:30,2025-09-25,星期四,晴天,29,少,麝香葡萄,2,269,52,0,其他,
愛買 桃園店,多,19:00-19:30,2025-09-25,星期四,晴天,29,少,文旦,2,79,25,0,其他,
愛買 桃園店,多,18:00-18:30,2025-10-01,星期三,晴天,30,少,葡式蛋塔,5,100,5,2,麵包甜點類,
愛買 桃園店,多,18:00-18:30,2025-10-01,星期三,晴天,30,少,去皮五花肉,1,133,30,1,肉類,
愛買 桃園店,多,18:00-18:30,2025-10-01,星期三,晴天,30,少,澳洲牛炒肉絲,4,160,30,1,肉類,
愛買 桃園店,多,18:00-18:30,2025-10-01,星期三,晴天,30,少,澳洲牛肉塊,3,168,30,1,肉類,
愛買 桃園店,多,18:00-18:30,2025-10-01,星期三,晴天,30,少,澳洲牛筋膜,2,187,30,1,肉類,
愛買 桃園店,多,18:00-18:30,2025-10-01,星期三,晴天,30,少,金針菇,1,15,33,0,蔬果類,
愛買 桃園店,多,18:00-18:30,2025-10-01,星期三,晴天,30,少,玉米筍,2,35,43,0,蔬果類,
愛買 桃園店,多,18:00-18:30,2025-10-01,星期三,晴天,30,少,花椰菜,2,99,30,0,蔬果類,
愛買 桃園店,多,18:00-18:30,2025-10-01,星期三,晴天,30,少,智利富士蘋果/2顆,3,89,45,0,蔬果類,
愛買 桃園店,多,18:00-18:30,2025-10-01,星期三,晴天,30,少,玉米兩條,3,59,34,0,其他,
愛買 桃園店,多,18:00-18:30,2025-10-01,星期三,晴天,30,少,奶油白菜,1,39,49,0,蔬果類,
愛買 桃園店,多,18:00-18:30,2025-10-01,星期三,晴天,30,少,芹菜,2,85,42,0,蔬果類,
愛買 桃園店,多,18:00-18:30,2025-10-01,星期三,晴天,30,少,筊白筍,11,115,40,0,蔬果類,
愛買 桃園店,多,18:00-18:30,2025-10-01,星期三,晴天,30,少,百香果,2,129,34,0,蔬果類,
愛買 桃園店,多,18:00-18:30,2025-10-01,星期三,晴天,30,少,甘露梨,15,99,30,0,其他,
愛買 桃園店,多,18:00-18:30,2025-10-02,星期四,晴天,29,少,葡式蛋塔,3,100,5,2,麵包甜點類,
愛買 桃園店,多,18:00-18:30,2025-10-02,星期四,晴天,29,少,附皮五花肉條,12,340,20,2,肉類,
愛買 桃園店,多,18:00-18:30,2025-10-02,星期四,晴天,29,少,冷凍板腱燒烤片,8,490,30,2,其他,
愛買 桃園店,多,18:00-18:30,2025-10-02,星期四,晴天,29,少,杏鮑菇,8,65,31,0,蔬果類,
愛買 桃園店,多,18:00-18:30,2025-10-02,星期四,晴天,29,少,金針菇,4,15,40,0,蔬果類,
愛買 桃園店,多,18:00-18:30,2025-10-02,星期四,晴天,29,少,水蓮,1,39,51,0,其他,
愛買 桃園店,多,18:00-18:30,2025-10-02,星期四,晴天,29,少,花椰菜,1,99,40,0,蔬果類,
愛買 桃園店,多,18:00-18:30,2025-10-02,星期四,晴天,29,少,小黃瓜,2,49,49,0,蔬果類,
愛買 桃園店,多,18:00-18:30,2025-10-02,星期四,晴天,29,少,筊白筍,11,115,57,0,蔬果類,
愛買 桃園店,多,18:00-18:30,2025-10-02,星期四,晴天,29,少,宜蘭大蒜,1,159,40,0,其他,
愛買 桃園店,多,18:00-18:30,2025-10-02,星期四,晴天,29,少,台灣青蔥,2,85,41,0,蔬果類,
愛買 桃園店,多,18:00-18:30,2025-10-02,星期四,晴天,29,少,秋葵,1,39,51,0,其他,
愛買 桃園店,多,18:00-18:30,2025-10-02,星期四,晴天,29,少,青椒,2,99,40,0,蔬果類,
